[2026-09-15T17:51:04.494Z] [INFO] Caricati con successo 68 comandi plugin (0 falliti).
[2026-09-15T17:51:05.967Z] [INFO] Zeno Bot connesso a WhatsApp con successo.
[2026-09-15T17:51:31.735Z] [INFO] Arresto richiesto (SIGINT).
[2026-09-15T17:52:57.754Z] [INFO] Caricati con successo 68 comandi plugin (0 falliti).
[2026-09-15T17:52:59.431Z] [INFO] Zeno Bot connesso a WhatsApp con successo.
[2026-09-15T17:55:45.475Z] [INFO] Arresto richiesto (SIGINT).
[2026-09-15T17:57:08.817Z] [INFO] Caricati con successo 68 comandi plugin (0 falliti).
[2026-09-15T17:57:09.922Z] [INFO] Zeno Bot connesso a WhatsApp con successo.
[2026-09-15T17:59:48.990Z] [INFO] Arresto richiesto (SIGINT).
[2026-09-15T18:00:09.379Z] [INFO] Caricati con successo 68 comandi plugin (0 falliti).
[2026-09-15T18:00:10.743Z] [INFO] Zeno Bot connesso a WhatsApp con successo.
[2026-09-15T18:05:57.440Z] [WARN] Connessione chiusa (codice: 428), riconnessione tra 2s.
[2026-09-15T18:06:17.071Z] [INFO] Zeno Bot connesso a WhatsApp con successo.
[2026-09-15T18:13:11.106Z] [ERROR] Plugin Execution Error [tp.js / tp]: title.trim is not a function
[2026-09-15T18:13:50.570Z] [INFO] Arresto richiesto (SIGINT).
[2026-09-15T18:14:04.805Z] [INFO] Caricati con successo 68 comandi plugin (0 falliti).
[2026-09-15T18:14:07.060Z] [INFO] Zeno Bot connesso a WhatsApp con successo.
[2026-09-15T18:27:59.444Z] [WARN] Connessione chiusa (codice: 428), riconnessione tra 2s.
[2026-09-15T18:28:35.210Z] [INFO] Zeno Bot connesso a WhatsApp con successo.
[2026-09-15T18:29:33.036Z] [WARN] Connessione chiusa (codice: 428), riconnessione tra 2s.
[2026-09-15T18:31:17.277Z] [INFO] Zeno Bot connesso a WhatsApp con successo.
[2026-09-15T18:32:14.818Z] [WARN] Connessione chiusa (codice: 428), riconnessione tra 2s.
[2026-09-15T18:33:16.172Z] [INFO] Zeno Bot connesso a WhatsApp con successo.
[2026-09-15T18:35:31.141Z] [WARN] Connessione chiusa (codice: 428), riconnessione tra 2s.
[2026-09-15T18:36:32.601Z] [INFO] Zeno Bot connesso a WhatsApp con successo.
[2026-09-15T18:44:35.294Z] [WARN] Connessione chiusa (codice: 428), riconnessione tra 2s.
[2026-09-15T18:45:05.401Z] [INFO] Zeno Bot connesso a WhatsApp con successo.
[2026-09-15T18:46:03.068Z] [WARN] Connessione chiusa (codice: 428), riconnessione tra 2s.
[2026-09-15T18:47:07.024Z] [INFO] Zeno Bot connesso a WhatsApp con successo.
[2026-09-15T18:48:04.511Z] [WARN] Connessione chiusa (codice: 428), riconnessione tra 2s.
[2026-09-15T18:48:40.386Z] [WARN] Connessione chiusa (codice: 408), riconnessione tra 4s.
[2026-09-15T18:49:05.798Z] [INFO] Zeno Bot connesso a WhatsApp con successo.
[2026-09-15T18:56:53.289Z] [WARN] Connessione chiusa (codice: 428), riconnessione tra 2s.
[2026-09-15T18:57:05.333Z] [WARN] Connessione chiusa (codice: 408), riconnessione tra 4s.
[2026-09-15T18:57:09.361Z] [WARN] Connessione chiusa (codice: 408), riconnessione tra 8s.
[2026-09-15T18:57:18.999Z] [INFO] Zeno Bot connesso a WhatsApp con successo.
[2026-09-15T19:14:17.867Z] [INFO] Arresto richiesto (SIGINT).
[2026-09-15T19:14:48.631Z] [INFO] Caricati con successo 68 comandi plugin (0 falliti).
[2026-09-15T19:14:49.853Z] [INFO] Zeno Bot connesso a WhatsApp con successo.
[2026-09-15T19:22:58.994Z] [INFO] Arresto richiesto (SIGINT).
[2026-09-15T19:26:18.805Z] [INFO] Caricati con successo 68 comandi plugin (0 falliti).
[2026-09-15T19:26:20.023Z] [INFO] Zeno Bot connesso a WhatsApp con successo.
[2026-09-15T19:28:27.880Z] [INFO] Arresto richiesto (SIGINT).
[2026-09-15T19:28:51.475Z] [INFO] Caricati con successo 68 comandi plugin (0 falliti).
[2026-09-15T19:28:53.337Z] [INFO] Zeno Bot connesso a WhatsApp con successo.
[2026-09-15T19:32:04.436Z] [INFO] Arresto richiesto (SIGINT).
[2026-09-15T19:32:35.342Z] [INFO] Caricati con successo 68 comandi plugin (0 falliti).
[2026-09-15T19:32:36.867Z] [INFO] Zeno Bot connesso a WhatsApp con successo.
[2026-09-15T19:35:39.368Z] [INFO] Arresto richiesto (SIGINT).
[2026-09-15T19:37:56.521Z] [ERROR] Plugin Error [Shazam.js]: Cannot find package '@whiskeysockets/baileys' imported from /data/data/com.termux/files/home/18kbot/plugins/Shazam.js
[2026-09-15T19:37:56.957Z] [ERROR] Plugin Error [gif.js]: Cannot find package 'axios' imported from /data/data/com.termux/files/home/18kbot/plugins/gif.js
[2026-09-15T19:37:57.008Z] [ERROR] Plugin Error [pl.js]: Cannot find package 'node-fetch' imported from /data/data/com.termux/files/home/18kbot/plugins/pl.js
[2026-09-15T19:37:57.014Z] [ERROR] Plugin Error [richieste.js]: Cannot find package '@whiskeysockets/baileys' imported from /data/data/com.termux/files/home/18kbot/plugins/richieste.js
[2026-09-15T19:37:57.018Z] [ERROR] Plugin Error [setbotpp.js]: Cannot find package '@whiskeysockets/baileys' imported from /data/data/com.termux/files/home/18kbot/plugins/setbotpp.js
[2026-09-15T19:37:57.020Z] [ERROR] Plugin Error [setgrouppp.js]: Cannot find package '@whiskeysockets/baileys' imported from /data/data/com.termux/files/home/18kbot/plugins/setgrouppp.js
[2026-09-15T19:37:57.031Z] [ERROR] Plugin Error [ss.js]: Cannot find package 'node-fetch' imported from /data/data/com.termux/files/home/18kbot/plugins/ss.js
[2026-09-15T19:37:57.034Z] [ERROR] Plugin Error [sticker.js]: Cannot find package '@whiskeysockets/baileys' imported from /data/data/com.termux/files/home/18kbot/plugins/sticker.js
[2026-09-15T19:37:57.037Z] [ERROR] Plugin Error [tag.js]: Cannot find package '@whiskeysockets/baileys' imported from /data/data/com.termux/files/home/18kbot/plugins/tag.js
[2026-09-15T19:37:57.039Z] [ERROR] Plugin Error [text.js]: Cannot find package 'axios' imported from /data/data/com.termux/files/home/18kbot/plugins/text.js
[2026-09-15T19:37:57.042Z] [ERROR] Plugin Error [toaudio.js]: Cannot find package '@whiskeysockets/baileys' imported from /data/data/com.termux/files/home/18kbot/plugins/toaudio.js
[2026-09-15T19:37:57.043Z] [ERROR] Plugin Error [toimg.js]: Cannot find package '@whiskeysockets/baileys' imported from /data/data/com.termux/files/home/18kbot/plugins/toimg.js
[2026-09-15T19:37:57.073Z] [ERROR] Plugin Error [voice.js]: Cannot find package '@whiskeysockets/baileys' imported from /data/data/com.termux/files/home/18kbot/plugins/voice.js
[2026-09-15T19:37:57.081Z] [ERROR] Plugin Error [welcome.js]: Cannot find package '@whiskeysockets/baileys' imported from /data/data/com.termux/files/home/18kbot/plugins/welcome.js
[2026-09-15T19:37:57.084Z] [INFO] Caricati con successo 54 comandi plugin (14 falliti).
[2026-09-15T19:37:58.966Z] [INFO] Arresto richiesto (SIGINT).
[2026-09-15T19:38:09.023Z] [ERROR] Plugin Error [Shazam.js]: Cannot find package '@whiskeysockets/baileys' imported from /data/data/com.termux/files/home/18kbot/plugins/Shazam.js
[2026-09-15T19:38:09.193Z] [ERROR] Plugin Error [gif.js]: Cannot find package 'axios' imported from /data/data/com.termux/files/home/18kbot/plugins/gif.js
[2026-09-15T19:38:09.211Z] [ERROR] Plugin Error [pl.js]: Cannot find package 'node-fetch' imported from /data/data/com.termux/files/home/18kbot/plugins/pl.js
[2026-09-15T19:38:09.213Z] [ERROR] Plugin Error [richieste.js]: Cannot find package '@whiskeysockets/baileys' imported from /data/data/com.termux/files/home/18kbot/plugins/richieste.js
[2026-09-15T19:38:09.214Z] [ERROR] Plugin Error [setbotpp.js]: Cannot find package '@whiskeysockets/baileys' imported from /data/data/com.termux/files/home/18kbot/plugins/setbotpp.js
[2026-09-15T19:38:09.215Z] [ERROR] Plugin Error [setgrouppp.js]: Cannot find package '@whiskeysockets/baileys' imported from /data/data/com.termux/files/home/18kbot/plugins/setgrouppp.js
[2026-09-15T19:38:09.219Z] [ERROR] Plugin Error [ss.js]: Cannot find package 'node-fetch' imported from /data/data/com.termux/files/home/18kbot/plugins/ss.js
[2026-09-15T19:38:09.220Z] [ERROR] Plugin Error [sticker.js]: Cannot find package '@whiskeysockets/baileys' imported from /data/data/com.termux/files/home/18kbot/plugins/sticker.js
[2026-09-15T19:38:09.222Z] [ERROR] Plugin Error [tag.js]: Cannot find package '@whiskeysockets/baileys' imported from /data/data/com.termux/files/home/18kbot/plugins/tag.js
[2026-09-15T19:38:09.223Z] [ERROR] Plugin Error [text.js]: Cannot find package 'axios' imported from /data/data/com.termux/files/home/18kbot/plugins/text.js
[2026-09-15T19:38:09.224Z] [ERROR] Plugin Error [toaudio.js]: Cannot find package '@whiskeysockets/baileys' imported from /data/data/com.termux/files/home/18kbot/plugins/toaudio.js
[2026-09-15T19:38:09.224Z] [ERROR] Plugin Error [toimg.js]: Cannot find package '@whiskeysockets/baileys' imported from /data/data/com.termux/files/home/18kbot/plugins/toimg.js
[2026-09-15T19:38:09.235Z] [ERROR] Plugin Error [voice.js]: Cannot find package '@whiskeysockets/baileys' imported from /data/data/com.termux/files/home/18kbot/plugins/voice.js
[2026-09-15T19:38:09.237Z] [ERROR] Plugin Error [welcome.js]: Cannot find package '@whiskeysockets/baileys' imported from /data/data/com.termux/files/home/18kbot/plugins/welcome.js
[2026-09-15T19:38:09.238Z] [INFO] Caricati con successo 54 comandi plugin (14 falliti).
[2026-09-15T19:38:10.432Z] [INFO] Arresto richiesto (SIGINT).
[2026-09-15T19:38:36.764Z] [ERROR] Plugin Error [Shazam.js]: Cannot find package '@whiskeysockets/baileys' imported from /data/data/com.termux/files/home/18kbot/plugins/Shazam.js
[2026-09-15T19:38:37.277Z] [ERROR] Plugin Error [pl.js]: Cannot find package 'node-fetch' imported from /data/data/com.termux/files/home/18kbot/plugins/pl.js
[2026-09-15T19:38:37.282Z] [ERROR] Plugin Error [richieste.js]: Cannot find package '@whiskeysockets/baileys' imported from /data/data/com.termux/files/home/18kbot/plugins/richieste.js
[2026-09-15T19:38:37.285Z] [ERROR] Plugin Error [setbotpp.js]: Cannot find package '@whiskeysockets/baileys' imported from /data/data/com.termux/files/home/18kbot/plugins/setbotpp.js
[2026-09-15T19:38:37.287Z] [ERROR] Plugin Error [setgrouppp.js]: Cannot find package '@whiskeysockets/baileys' imported from /data/data/com.termux/files/home/18kbot/plugins/setgrouppp.js
[2026-09-15T19:38:37.296Z] [ERROR] Plugin Error [ss.js]: Cannot find package 'node-fetch' imported from /data/data/com.termux/files/home/18kbot/plugins/ss.js
[2026-09-15T19:38:37.299Z] [ERROR] Plugin Error [sticker.js]: Cannot find package '@whiskeysockets/baileys' imported from /data/data/com.termux/files/home/18kbot/plugins/sticker.js
[2026-09-15T19:38:37.308Z] [ERROR] Plugin Error [tag.js]: Cannot find package '@whiskeysockets/baileys' imported from /data/data/com.termux/files/home/18kbot/plugins/tag.js
[2026-09-15T19:38:37.314Z] [ERROR] Plugin Error [toaudio.js]: Cannot find package '@whiskeysockets/baileys' imported from /data/data/com.termux/files/home/18kbot/plugins/toaudio.js
[2026-09-15T19:38:37.316Z] [ERROR] Plugin Error [toimg.js]: Cannot find package '@whiskeysockets/baileys' imported from /data/data/com.termux/files/home/18kbot/plugins/toimg.js
[2026-09-15T19:38:37.336Z] [ERROR] Plugin Error [voice.js]: Cannot find package '@whiskeysockets/baileys' imported from /data/data/com.termux/files/home/18kbot/plugins/voice.js
[2026-09-15T19:38:37.489Z] [ERROR] Plugin Error [welcome.js]: Cannot find package '@whiskeysockets/baileys' imported from /data/data/com.termux/files/home/18kbot/plugins/welcome.js
[2026-09-15T19:38:37.492Z] [INFO] Caricati con successo 56 comandi plugin (12 falliti).
[2026-09-15T19:38:38.472Z] [INFO] Arresto richiesto (SIGINT).
[2026-09-15T19:39:03.957Z] [ERROR] Plugin Error [Shazam.js]: Cannot find package '@whiskeysockets/baileys' imported from /data/data/com.termux/files/home/18kbot/plugins/Shazam.js
[2026-09-15T19:39:04.540Z] [ERROR] Plugin Error [pl.js]: Cannot find package 'node-fetch' imported from /data/data/com.termux/files/home/18kbot/plugins/pl.js
[2026-09-15T19:39:04.545Z] [ERROR] Plugin Error [richieste.js]: Cannot find package '@whiskeysockets/baileys' imported from /data/data/com.termux/files/home/18kbot/plugins/richieste.js
[2026-09-15T19:39:04.549Z] [ERROR] Plugin Error [setbotpp.js]: Cannot find package '@whiskeysockets/baileys' imported from /data/data/com.termux/files/home/18kbot/plugins/setbotpp.js
[2026-09-15T19:39:04.551Z] [ERROR] Plugin Error [setgrouppp.js]: Cannot find package '@whiskeysockets/baileys' imported from /data/data/com.termux/files/home/18kbot/plugins/setgrouppp.js
[2026-09-15T19:39:04.562Z] [ERROR] Plugin Error [ss.js]: Cannot find package 'node-fetch' imported from /data/data/com.termux/files/home/18kbot/plugins/ss.js
[2026-09-15T19:39:04.566Z] [ERROR] Plugin Error [sticker.js]: Cannot find package '@whiskeysockets/baileys' imported from /data/data/com.termux/files/home/18kbot/plugins/sticker.js
[2026-09-15T19:39:04.570Z] [ERROR] Plugin Error [tag.js]: Cannot find package '@whiskeysockets/baileys' imported from /data/data/com.termux/files/home/18kbot/plugins/tag.js
[2026-09-15T19:39:04.576Z] [ERROR] Plugin Error [toaudio.js]: Cannot find package '@whiskeysockets/baileys' imported from /data/data/com.termux/files/home/18kbot/plugins/toaudio.js
[2026-09-15T19:39:04.578Z] [ERROR] Plugin Error [toimg.js]: Cannot find package '@whiskeysockets/baileys' imported from /data/data/com.termux/files/home/18kbot/plugins/toimg.js
[2026-09-15T19:39:04.596Z] [ERROR] Plugin Error [voice.js]: Cannot find package '@whiskeysockets/baileys' imported from /data/data/com.termux/files/home/18kbot/plugins/voice.js
[2026-09-15T19:39:04.727Z] [ERROR] Plugin Error [welcome.js]: Cannot find package '@whiskeysockets/baileys' imported from /data/data/com.termux/files/home/18kbot/plugins/welcome.js
[2026-09-15T19:39:04.730Z] [INFO] Caricati con successo 56 comandi plugin (12 falliti).
[2026-09-15T19:39:06.468Z] [INFO] Zeno Bot connesso a WhatsApp con successo.
[2026-09-15T19:39:11.022Z] [INFO] Arresto richiesto (SIGINT).
[2026-09-15T19:39:28.132Z] [ERROR] Plugin Error [Shazam.js]: Cannot find package '@whiskeysockets/baileys' imported from /data/data/com.termux/files/home/18kbot/plugins/Shazam.js
[2026-09-15T19:39:28.416Z] [ERROR] Plugin Error [pl.js]: Cannot find package 'node-fetch' imported from /data/data/com.termux/files/home/18kbot/plugins/pl.js
[2026-09-15T19:39:28.417Z] [ERROR] Plugin Error [richieste.js]: Cannot find package '@whiskeysockets/baileys' imported from /data/data/com.termux/files/home/18kbot/plugins/richieste.js
[2026-09-15T19:39:28.418Z] [ERROR] Plugin Error [setbotpp.js]: Cannot find package '@whiskeysockets/baileys' imported from /data/data/com.termux/files/home/18kbot/plugins/setbotpp.js
[2026-09-15T19:39:28.419Z] [ERROR] Plugin Error [setgrouppp.js]: Cannot find package '@whiskeysockets/baileys' imported from /data/data/com.termux/files/home/18kbot/plugins/setgrouppp.js
[2026-09-15T19:39:28.421Z] [ERROR] Plugin Error [ss.js]: Cannot find package 'node-fetch' imported from /data/data/com.termux/files/home/18kbot/plugins/ss.js
[2026-09-15T19:39:28.423Z] [ERROR] Plugin Error [sticker.js]: Cannot find package '@whiskeysockets/baileys' imported from /data/data/com.termux/files/home/18kbot/plugins/sticker.js
[2026-09-15T19:39:28.424Z] [ERROR] Plugin Error [tag.js]: Cannot find package '@whiskeysockets/baileys' imported from /data/data/com.termux/files/home/18kbot/plugins/tag.js
[2026-09-15T19:39:28.426Z] [ERROR] Plugin Error [toaudio.js]: Cannot find package '@whiskeysockets/baileys' imported from /data/data/com.termux/files/home/18kbot/plugins/toaudio.js
[2026-09-15T19:39:28.426Z] [ERROR] Plugin Error [toimg.js]: Cannot find package '@whiskeysockets/baileys' imported from /data/data/com.termux/files/home/18kbot/plugins/toimg.js
[2026-09-15T19:39:28.433Z] [ERROR] Plugin Error [voice.js]: Cannot find package '@whiskeysockets/baileys' imported from /data/data/com.termux/files/home/18kbot/plugins/voice.js
[2026-09-15T19:39:28.479Z] [ERROR] Plugin Error [welcome.js]: Cannot find package '@whiskeysockets/baileys' imported from /data/data/com.termux/files/home/18kbot/plugins/welcome.js
[2026-09-15T19:39:28.480Z] [INFO] Caricati con successo 56 comandi plugin (12 falliti).
[2026-09-15T19:39:30.578Z] [INFO] Zeno Bot connesso a WhatsApp con successo.
[2026-09-15T19:39:47.576Z] [INFO] Arresto richiesto (SIGINT).
[2026-09-15T19:39:50.003Z] [ERROR] Plugin Error [Shazam.js]: Cannot find package '@whiskeysockets/baileys' imported from /data/data/com.termux/files/home/18kbot/plugins/Shazam.js
[2026-09-15T19:39:50.254Z] [ERROR] Plugin Error [pl.js]: Cannot find package 'node-fetch' imported from /data/data/com.termux/files/home/18kbot/plugins/pl.js
[2026-09-15T19:39:50.256Z] [ERROR] Plugin Error [richieste.js]: Cannot find package '@whiskeysockets/baileys' imported from /data/data/com.termux/files/home/18kbot/plugins/richieste.js
[2026-09-15T19:39:50.257Z] [ERROR] Plugin Error [setbotpp.js]: Cannot find package '@whiskeysockets/baileys' imported from /data/data/com.termux/files/home/18kbot/plugins/setbotpp.js
[2026-09-15T19:39:50.257Z] [ERROR] Plugin Error [setgrouppp.js]: Cannot find package '@whiskeysockets/baileys' imported from /data/data/com.termux/files/home/18kbot/plugins/setgrouppp.js
[2026-09-15T19:39:50.260Z] [ERROR] Plugin Error [ss.js]: Cannot find package 'node-fetch' imported from /data/data/com.termux/files/home/18kbot/plugins/ss.js
[2026-09-15T19:39:50.260Z] [ERROR] Plugin Error [sticker.js]: Cannot find package '@whiskeysockets/baileys' imported from /data/data/com.termux/files/home/18kbot/plugins/sticker.js
[2026-09-15T19:39:50.261Z] [ERROR] Plugin Error [tag.js]: Cannot find package '@whiskeysockets/baileys' imported from /data/data/com.termux/files/home/18kbot/plugins/tag.js
[2026-09-15T19:39:50.263Z] [ERROR] Plugin Error [toaudio.js]: Cannot find package '@whiskeysockets/baileys' imported from /data/data/com.termux/files/home/18kbot/plugins/toaudio.js
[2026-09-15T19:39:50.263Z] [ERROR] Plugin Error [toimg.js]: Cannot find package '@whiskeysockets/baileys' imported from /data/data/com.termux/files/home/18kbot/plugins/toimg.js
[2026-09-15T19:39:50.269Z] [ERROR] Plugin Error [voice.js]: Cannot find package '@whiskeysockets/baileys' imported from /data/data/com.termux/files/home/18kbot/plugins/voice.js
[2026-09-15T19:39:50.310Z] [ERROR] Plugin Error [welcome.js]: Cannot find package '@whiskeysockets/baileys' imported from /data/data/com.termux/files/home/18kbot/plugins/welcome.js
[2026-09-15T19:39:50.310Z] [INFO] Caricati con successo 56 comandi plugin (12 falliti).
[2026-09-15T19:39:52.388Z] [INFO] Zeno Bot connesso a WhatsApp con successo.
[2026-09-15T19:40:53.411Z] [INFO] Arresto richiesto (SIGINT).
[2026-09-15T19:42:00.642Z] [ERROR] Plugin Error [Shazam.js]: Cannot find package '@whiskeysockets/baileys' imported from /data/data/com.termux/files/home/18kbot/plugins/Shazam.js
[2026-09-15T19:42:01.133Z] [ERROR] Plugin Error [pl.js]: Cannot find package 'node-fetch' imported from /data/data/com.termux/files/home/18kbot/plugins/pl.js
[2026-09-15T19:42:01.139Z] [ERROR] Plugin Error [richieste.js]: Cannot find package '@whiskeysockets/baileys' imported from /data/data/com.termux/files/home/18kbot/plugins/richieste.js
[2026-09-15T19:42:01.142Z] [ERROR] Plugin Error [setbotpp.js]: Cannot find package '@whiskeysockets/baileys' imported from /data/data/com.termux/files/home/18kbot/plugins/setbotpp.js
[2026-09-15T19:42:01.143Z] [ERROR] Plugin Error [setgrouppp.js]: Cannot find package '@whiskeysockets/baileys' imported from /data/data/com.termux/files/home/18kbot/plugins/setgrouppp.js
[2026-09-15T19:42:01.153Z] [ERROR] Plugin Error [ss.js]: Cannot find package 'node-fetch' imported from /data/data/com.termux/files/home/18kbot/plugins/ss.js
[2026-09-15T19:42:01.157Z] [ERROR] Plugin Error [sticker.js]: Cannot find package '@whiskeysockets/baileys' imported from /data/data/com.termux/files/home/18kbot/plugins/sticker.js
[2026-09-15T19:42:01.161Z] [ERROR] Plugin Error [tag.js]: Cannot find package '@whiskeysockets/baileys' imported from /data/data/com.termux/files/home/18kbot/plugins/tag.js
[2026-09-15T19:42:01.167Z] [ERROR] Plugin Error [toaudio.js]: Cannot find package '@whiskeysockets/baileys' imported from /data/data/com.termux/files/home/18kbot/plugins/toaudio.js
[2026-09-15T19:42:01.169Z] [ERROR] Plugin Error [toimg.js]: Cannot find package '@whiskeysockets/baileys' imported from /data/data/com.termux/files/home/18kbot/plugins/toimg.js
[2026-09-15T19:42:01.192Z] [ERROR] Plugin Error [voice.js]: Cannot find package '@whiskeysockets/baileys' imported from /data/data/com.termux/files/home/18kbot/plugins/voice.js
[2026-09-15T19:42:01.345Z] [ERROR] Plugin Error [welcome.js]: Cannot find package '@whiskeysockets/baileys' imported from /data/data/com.termux/files/home/18kbot/plugins/welcome.js
[2026-09-15T19:42:01.348Z] [INFO] Caricati con successo 56 comandi plugin (12 falliti).
[2026-09-15T19:42:02.502Z] [INFO] Arresto richiesto (SIGINT).
[2026-09-15T19:43:29.822Z] [INFO] Caricati con successo 68 comandi plugin (0 falliti).
[2026-09-15T19:43:31.919Z] [INFO] Zeno Bot connesso a WhatsApp con successo.
[2026-09-15T19:52:15.057Z] [INFO] Arresto richiesto (SIGINT).
[2026-09-15T19:53:24.477Z] [INFO] Caricati con successo 68 comandi plugin (0 falliti).
[2026-09-15T19:53:26.785Z] [INFO] Zeno Bot connesso a WhatsApp con successo.
[2026-09-15T19:58:07.204Z] [INFO] Arresto richiesto (SIGINT).
[2026-09-15T19:58:34.136Z] [INFO] Caricati con successo 68 comandi plugin (0 falliti).
[2026-09-15T19:58:37.038Z] [INFO] Zeno Bot connesso a WhatsApp con successo.
[2026-09-15T19:59:28.998Z] [INFO] Arresto richiesto (SIGINT).
[2026-09-15T20:00:45.728Z] [ERROR] Plugin Error [pl.js]: Illegal return statement
[2026-09-15T20:00:45.969Z] [INFO] Caricati con successo 67 comandi plugin (1 falliti).
[2026-09-15T20:00:48.487Z] [INFO] Zeno Bot connesso a WhatsApp con successo.
[2026-09-15T20:00:50.452Z] [INFO] Arresto richiesto (SIGINT).
[2026-09-15T20:02:44.957Z] [INFO] Caricati con successo 68 comandi plugin (0 falliti).
[2026-09-15T20:02:47.640Z] [INFO] Zeno Bot connesso a WhatsApp con successo.
[2026-09-15T20:04:46.911Z] [INFO] Arresto richiesto (SIGINT).
[2026-09-15T20:05:09.056Z] [INFO] Caricati con successo 68 comandi plugin (0 falliti).
[2026-09-15T20:05:10.963Z] [INFO] Zeno Bot connesso a WhatsApp con successo.
[2026-09-15T20:09:04.937Z] [INFO] Arresto richiesto (SIGINT).
[2026-09-15T20:21:24.905Z] [INFO] Caricati con successo 68 comandi plugin (0 falliti).
[2026-09-15T20:21:27.029Z] [INFO] Zeno Bot connesso a WhatsApp con successo.
[2026-09-15T20:28:18.985Z] [INFO] Arresto richiesto (SIGINT).
[2026-09-15T20:29:38.493Z] [INFO] Caricati con successo 68 comandi plugin (0 falliti).
[2026-09-15T20:29:40.535Z] [INFO] Zeno Bot connesso a WhatsApp con successo.
[2026-09-15T20:32:29.868Z] [INFO] Arresto richiesto (SIGINT).
[2026-09-15T20:32:53.864Z] [INFO] Caricati con successo 68 comandi plugin (0 falliti).
[2026-09-15T20:32:56.542Z] [INFO] Zeno Bot connesso a WhatsApp con successo.
[2026-09-15T20:34:00.069Z] [INFO] Arresto richiesto (SIGINT).
[2026-09-15T20:34:16.619Z] [INFO] Caricati con successo 68 comandi plugin (0 falliti).
[2026-09-15T20:34:18.459Z] [INFO] Zeno Bot connesso a WhatsApp con successo.
[2026-09-15T20:41:07.967Z] [INFO] Arresto richiesto (SIGINT).
[2026-09-15T20:41:32.469Z] [INFO] Caricati con successo 68 comandi plugin (0 falliti).
[2026-09-15T20:41:35.210Z] [INFO] Zeno Bot connesso a WhatsApp con successo.
[2026-09-15T20:43:18.611Z] [INFO] Arresto richiesto (SIGINT).
[2026-09-15T20:43:35.343Z] [INFO] Caricati con successo 68 comandi plugin (0 falliti).
[2026-09-15T20:43:37.881Z] [INFO] Zeno Bot connesso a WhatsApp con successo.
[2026-09-15T20:44:29.267Z] [INFO] Arresto richiesto (SIGINT).
[2026-09-15T20:44:42.805Z] [INFO] Caricati con successo 68 comandi plugin (0 falliti).
[2026-09-15T20:44:45.518Z] [INFO] Zeno Bot connesso a WhatsApp con successo.
[2026-09-15T20:46:39.434Z] [INFO] Arresto richiesto (SIGINT).
[2026-09-15T20:46:59.106Z] [INFO] Caricati con successo 68 comandi plugin (0 falliti).
[2026-09-15T20:47:01.559Z] [INFO] Zeno Bot connesso a WhatsApp con successo.
[2026-09-15T20:47:57.956Z] [INFO] Arresto richiesto (SIGINT).
[2026-09-15T20:48:12.239Z] [INFO] Caricati con successo 68 comandi plugin (0 falliti).
[2026-09-15T20:48:14.383Z] [INFO] Zeno Bot connesso a WhatsApp con successo.
[2026-09-15T20:49:13.419Z] [ERROR] Plugin Execution Error [tp.js / tp]: Cannot read properties of undefined (reading 'buttons')
[2026-09-15T20:52:49.729Z] [INFO] Arresto richiesto (SIGINT).
[2026-09-15T20:53:17.097Z] [INFO] Caricati con successo 68 comandi plugin (0 falliti).
[2026-09-15T20:53:18.960Z] [INFO] Zeno Bot connesso a WhatsApp con successo.
[2026-09-15T20:53:46.328Z] [ERROR] Plugin Execution Error [tp.js / tp]: title.trim is not a function
[2026-09-15T20:54:15.933Z] [INFO] Arresto richiesto (SIGINT).
[2026-09-15T20:56:25.762Z] [INFO] Caricati con successo 68 comandi plugin (0 falliti).
[2026-09-15T20:56:27.788Z] [INFO] Zeno Bot connesso a WhatsApp con successo.
[2026-09-15T20:57:12.803Z] [INFO] Arresto richiesto (SIGINT).
[2026-09-15T20:57:25.279Z] [INFO] Caricati con successo 68 comandi plugin (0 falliti).
[2026-09-15T20:57:27.612Z] [INFO] Zeno Bot connesso a WhatsApp con successo.
[2026-09-15T20:58:16.417Z] [INFO] Arresto richiesto (SIGINT).
[2026-09-15T20:59:22.665Z] [INFO] Caricati con successo 68 comandi plugin (0 falliti).
[2026-09-15T20:59:24.596Z] [INFO] Zeno Bot connesso a WhatsApp con successo.
[2026-09-15T21:01:34.269Z] [INFO] Arresto richiesto (SIGINT).
[2026-09-15T21:02:14.853Z] [INFO] Caricati con successo 68 comandi plugin (0 falliti).
[2026-09-15T21:02:17.039Z] [INFO] Zeno Bot connesso a WhatsApp con successo.
[2026-09-15T21:07:00.488Z] [WARN] Connessione chiusa (codice: 428), riconnessione tra 2s.
[2026-09-15T21:07:04.536Z] [INFO] Zeno Bot connesso a WhatsApp con successo.
[2026-09-15T21:07:48.815Z] [INFO] Arresto richiesto (SIGINT).
[2026-09-15T21:08:08.896Z] [INFO] Caricati con successo 68 comandi plugin (0 falliti).
[2026-09-15T21:08:10.489Z] [INFO] Zeno Bot connesso a WhatsApp con successo.
[2026-09-15T21:11:33.613Z] [WARN] Connessione chiusa (codice: 428), riconnessione tra 2s.
[2026-09-15T21:11:38.361Z] [INFO] Zeno Bot connesso a WhatsApp con successo.
[2026-09-15T21:31:07.544Z] [WARN] Connessione chiusa (codice: 503), riconnessione tra 2s.
[2026-09-15T21:31:12.316Z] [INFO] Zeno Bot connesso a WhatsApp con successo.
[2026-09-15T21:40:12.985Z] [INFO] Arresto richiesto (SIGINT).
[2026-09-15T21:42:35.485Z] [INFO] Caricati con successo 68 comandi plugin (0 falliti).
[2026-09-15T21:42:37.367Z] [INFO] Zeno Bot connesso a WhatsApp con successo.
[2026-09-15T21:45:51.811Z] [INFO] Arresto richiesto (SIGINT).
[2026-09-15T21:46:31.243Z] [INFO] Caricati con successo 68 comandi plugin (0 falliti).
[2026-09-15T21:46:33.208Z] [INFO] Zeno Bot connesso a WhatsApp con successo.
[2026-09-15T21:46:46.862Z] [WARN] Connessione chiusa (codice: 503), riconnessione tra 2s.
[2026-09-15T21:46:50.481Z] [INFO] Zeno Bot connesso a WhatsApp con successo.
[2026-09-15T21:47:44.602Z] [INFO] Arresto richiesto (SIGINT).
[2026-09-15T21:50:08.652Z] [INFO] Caricati con successo 68 comandi plugin (0 falliti).
[2026-09-15T21:50:10.652Z] [INFO] Zeno Bot connesso a WhatsApp con successo.
[2026-09-15T21:52:36.833Z] [INFO] Arresto richiesto (SIGINT).
[2026-09-15T21:53:00.996Z] [INFO] Caricati con successo 68 comandi plugin (0 falliti).
[2026-09-15T21:53:03.042Z] [INFO] Zeno Bot connesso a WhatsApp con successo.
[2026-09-15T21:57:01.745Z] [ERROR] Plugin Execution Error [promote_demote.js / p]: jid.replace is not a function
[2026-09-15T21:57:23.852Z] [ERROR] Plugin Execution Error [promote_demote.js / d]: jid.replace is not a function
[2026-09-15T21:57:35.934Z] [ERROR] Plugin Execution Error [promote_demote.js / d]: jid.replace is not a function
[2026-09-15T22:02:55.826Z] [INFO] Arresto richiesto (SIGINT).
[2026-09-15T22:04:13.612Z] [INFO] Caricati con successo 68 comandi plugin (0 falliti).
[2026-09-15T22:04:15.810Z] [INFO] Zeno Bot connesso a WhatsApp con successo.
[2026-09-15T22:06:27.510Z] [INFO] Arresto richiesto (SIGINT).
[2026-09-15T22:06:43.887Z] [INFO] Caricati con successo 68 comandi plugin (0 falliti).
[2026-09-15T22:06:45.725Z] [INFO] Zeno Bot connesso a WhatsApp con successo.
[2026-09-15T22:09:44.613Z] [INFO] Arresto richiesto (SIGINT).
[2026-09-15T22:11:09.615Z] [INFO] Caricati con successo 67 comandi plugin (0 falliti).
[2026-09-15T22:11:12.011Z] [INFO] Zeno Bot connesso a WhatsApp con successo.
[2026-09-15T22:14:34.279Z] [INFO] Arresto richiesto (SIGINT).
[2026-09-15T22:14:55.975Z] [INFO] Caricati con successo 67 comandi plugin (0 falliti).
[2026-09-15T22:14:57.970Z] [INFO] Zeno Bot connesso a WhatsApp con successo.
[2026-09-15T22:15:51.222Z] [INFO] Arresto richiesto (SIGINT).
[2026-09-15T22:16:15.650Z] [INFO] Caricati con successo 67 comandi plugin (0 falliti).
[2026-09-15T22:16:17.532Z] [INFO] Zeno Bot connesso a WhatsApp con successo.
[2026-09-15T22:17:07.773Z] [INFO] Arresto richiesto (SIGINT).
[2026-09-15T22:17:55.478Z] [INFO] Caricati con successo 67 comandi plugin (0 falliti).
[2026-09-15T22:17:57.269Z] [INFO] Zeno Bot connesso a WhatsApp con successo.
[2026-09-15T22:19:16.031Z] [INFO] Arresto richiesto (SIGINT).
[2026-09-15T22:19:34.870Z] [INFO] Caricati con successo 67 comandi plugin (0 falliti).
[2026-09-15T22:19:36.933Z] [INFO] Zeno Bot connesso a WhatsApp con successo.
[2026-09-15T22:21:17.146Z] [INFO] Arresto richiesto (SIGINT).
[2026-09-15T22:21:33.233Z] [INFO] Caricati con successo 67 comandi plugin (0 falliti).
[2026-09-15T22:21:35.304Z] [INFO] Zeno Bot connesso a WhatsApp con successo.
[2026-09-15T22:22:48.229Z] [INFO] Caricati con successo 67 comandi plugin (0 falliti).
[2026-09-15T22:22:50.467Z] [INFO] Zeno Bot connesso a WhatsApp con successo.
[2026-09-15T22:24:21.926Z] [INFO] Arresto richiesto (SIGINT).
[2026-09-15T22:24:36.396Z] [INFO] Caricati con successo 67 comandi plugin (0 falliti).
[2026-09-15T22:24:38.162Z] [INFO] Zeno Bot connesso a WhatsApp con successo.
[2026-09-15T22:26:10.377Z] [INFO] Arresto richiesto (SIGINT).
[2026-09-15T22:26:42.343Z] [INFO] Caricati con successo 67 comandi plugin (0 falliti).
[2026-09-15T22:26:44.807Z] [INFO] Zeno Bot connesso a WhatsApp con successo.
[2026-09-15T22:27:47.625Z] [INFO] Caricati con successo 67 comandi plugin (0 falliti).
[2026-09-15T22:27:49.937Z] [INFO] Zeno Bot connesso a WhatsApp con successo.
[2026-09-15T22:29:18.908Z] [INFO] Arresto richiesto (SIGINT).
[2026-09-15T22:29:37.886Z] [INFO] Caricati con successo 67 comandi plugin (0 falliti).
[2026-09-15T22:29:39.479Z] [INFO] Zeno Bot connesso a WhatsApp con successo.
[2026-09-15T22:30:37.073Z] [INFO] Arresto richiesto (SIGINT).
[2026-09-15T22:30:57.520Z] [INFO] Caricati con successo 67 comandi plugin (0 falliti).
[2026-09-15T22:30:59.714Z] [INFO] Zeno Bot connesso a WhatsApp con successo.
[2026-09-15T22:32:18.731Z] [INFO] Arresto richiesto (SIGINT).
[2026-09-15T22:33:26.578Z] [INFO] Caricati con successo 67 comandi plugin (0 falliti).
[2026-09-15T22:33:28.818Z] [INFO] Zeno Bot connesso a WhatsApp con successo.
[2026-09-15T22:34:29.165Z] [INFO] Arresto richiesto (SIGINT).
[2026-09-15T22:34:44.566Z] [INFO] Caricati con successo 67 comandi plugin (0 falliti).
[2026-09-15T22:34:47.146Z] [INFO] Zeno Bot connesso a WhatsApp con successo.
[2026-09-15T22:36:07.316Z] [INFO] Arresto richiesto (SIGINT).
[2026-09-15T22:36:26.813Z] [INFO] Caricati con successo 67 comandi plugin (0 falliti).
[2026-09-15T22:36:29.150Z] [INFO] Zeno Bot connesso a WhatsApp con successo.
[2026-09-15T22:37:20.292Z] [INFO] Arresto richiesto (SIGINT).
[2026-09-15T22:38:55.613Z] [INFO] Caricati con successo 67 comandi plugin (0 falliti).
[2026-09-15T22:38:57.981Z] [INFO] Zeno Bot connesso a WhatsApp con successo.
[2026-09-15T22:41:37.224Z] [INFO] Caricati con successo 67 comandi plugin (0 falliti).
[2026-09-15T22:41:39.515Z] [INFO] Zeno Bot connesso a WhatsApp con successo.
[2026-09-15T22:43:03.798Z] [INFO] Arresto richiesto (SIGINT).
[2026-09-15T22:43:27.969Z] [INFO] Caricati con successo 67 comandi plugin (0 falliti).
[2026-09-15T22:43:29.940Z] [INFO] Zeno Bot connesso a WhatsApp con successo.
[2026-09-15T22:43:36.434Z] [ERROR] Plugin Execution Error [owner.js / addcreatore]: cleanText.gmatch is not a function
[2026-09-15T22:44:09.901Z] [INFO] Arresto richiesto (SIGINT).
[2026-09-15T22:44:28.472Z] [INFO] Caricati con successo 67 comandi plugin (0 falliti).
[2026-09-15T22:44:30.847Z] [INFO] Zeno Bot connesso a WhatsApp con successo.
[2026-09-16T01:59:53.360Z] [WARN] Connessione chiusa (codice: 408), riconnessione tra 2s.
[2026-09-16T01:59:57.014Z] [INFO] Zeno Bot connesso a WhatsApp con successo.
[2026-09-16T02:58:59.149Z] [WARN] Connessione chiusa (codice: 428), riconnessione tra 2s.
[2026-09-16T02:59:03.568Z] [INFO] Zeno Bot connesso a WhatsApp con successo.
[2026-09-16T05:00:42.738Z] [WARN] Connessione chiusa (codice: 428), riconnessione tra 2s.
[2026-09-16T05:00:44.759Z] [WARN] Connessione chiusa (codice: 408), riconnessione tra 4s.
[2026-09-16T05:00:48.785Z] [WARN] Connessione chiusa (codice: 408), riconnessione tra 8s.
[2026-09-16T05:00:56.810Z] [WARN] Connessione chiusa (codice: 408), riconnessione tra 16s.
[2026-09-16T05:01:12.833Z] [WARN] Connessione chiusa (codice: 408), riconnessione tra 32s.
[2026-09-16T05:01:44.875Z] [WARN] Connessione chiusa (codice: 408), riconnessione tra 60s.
[2026-09-16T05:02:44.956Z] [WARN] Connessione chiusa (codice: 408), riconnessione tra 60s.
[2026-09-16T05:03:45.005Z] [WARN] Connessione chiusa (codice: 408), riconnessione tra 60s.
[2026-09-16T05:04:45.083Z] [WARN] Connessione chiusa (codice: 408), riconnessione tra 60s.
[2026-09-16T05:05:29.318Z] [INFO] Arresto richiesto (SIGINT).
[2026-09-16T05:05:37.914Z] [INFO] Caricati con successo 67 comandi plugin (0 falliti).
[2026-09-16T05:05:39.721Z] [INFO] Zeno Bot connesso a WhatsApp con successo.
[2026-09-16T07:54:57.625Z] [WARN] Connessione chiusa (codice: 428), riconnessione tra 2s.
[2026-09-16T07:55:02.178Z] [INFO] Zeno Bot connesso a WhatsApp con successo.
[2026-09-16T10:28:33.695Z] [WARN] Connessione chiusa (codice: 428), riconnessione tra 2s.
[2026-09-16T10:28:35.778Z] [WARN] Connessione chiusa (codice: 408), riconnessione tra 4s.
[2026-09-16T11:41:02.275Z] [ERROR] Plugin Error [Shazam.js]: undefined
[2026-09-16T11:41:02.528Z] [INFO] Caricati con successo 66 comandi plugin (1 falliti).
[2026-09-16T11:41:04.713Z] [INFO] Zeno Bot connesso a WhatsApp con successo.
[2026-09-16T11:42:13.478Z] [INFO] Arresto richiesto (SIGINT).
[2026-09-16T11:43:02.304Z] [ERROR] Plugin Error [Shazam.js]: undefined
[2026-09-16T11:43:02.556Z] [INFO] Caricati con successo 66 comandi plugin (1 falliti).
[2026-09-16T11:43:04.130Z] [INFO] Zeno Bot connesso a WhatsApp con successo.
[2026-09-16T11:43:42.214Z] [INFO] Arresto richiesto (SIGINT).
[2026-09-16T11:44:29.083Z] [INFO] Caricati con successo 67 comandi plugin (0 falliti).
[2026-09-16T11:44:31.396Z] [INFO] Zeno Bot connesso a WhatsApp con successo.
[2026-09-16T11:47:50.335Z] [INFO] Arresto richiesto (SIGINT).
[2026-09-16T11:48:08.630Z] [INFO] Caricati con successo 67 comandi plugin (0 falliti).
[2026-09-16T11:48:10.705Z] [INFO] Zeno Bot connesso a WhatsApp con successo.
[2026-09-16T12:09:42.504Z] [ERROR] Plugin Execution Error [tpnumero.js / tpnumero]: Invalid media type for carousel card
[2026-09-16T12:47:18.029Z] [INFO] Arresto richiesto (SIGINT).
[2026-09-16T12:47:39.819Z] [ERROR] Plugin Error [zenomenu.js]: Unexpected identifier 'utente'
[2026-09-16T12:47:39.819Z] [INFO] Caricati con successo 66 comandi plugin (1 falliti).
[2026-09-16T12:47:41.844Z] [INFO] Zeno Bot connesso a WhatsApp con successo.
[2026-09-16T12:48:12.293Z] [INFO] Arresto richiesto (SIGINT).
[2026-09-16T12:48:32.911Z] [INFO] Caricati con successo 67 comandi plugin (0 falliti).
[2026-09-16T12:48:34.433Z] [INFO] Zeno Bot connesso a WhatsApp con successo.
[2026-09-16T12:57:19.067Z] [INFO] Arresto richiesto (SIGINT).
[2026-09-16T12:58:02.803Z] [INFO] Caricati con successo 67 comandi plugin (0 falliti).
[2026-09-16T12:58:04.935Z] [INFO] Zeno Bot connesso a WhatsApp con successo.
[2026-09-16T12:59:37.789Z] [INFO] Arresto richiesto (SIGINT).
[2026-09-16T13:00:17.132Z] [INFO] Caricati con successo 67 comandi plugin (0 falliti).
[2026-09-16T13:00:18.618Z] [INFO] Zeno Bot connesso a WhatsApp con successo.
[2026-09-16T13:01:37.058Z] [INFO] Arresto richiesto (SIGINT).
[2026-09-16T13:02:12.137Z] [INFO] Caricati con successo 67 comandi plugin (0 falliti).
[2026-09-16T13:02:14.345Z] [INFO] Zeno Bot connesso a WhatsApp con successo.
[2026-09-16T13:05:44.750Z] [INFO] Arresto richiesto (SIGINT).
[2026-09-16T13:06:01.015Z] [INFO] Caricati con successo 67 comandi plugin (0 falliti).
[2026-09-16T13:06:02.596Z] [INFO] Zeno Bot connesso a WhatsApp con successo.
[2026-09-16T13:06:08.049Z] [ERROR] Plugin Execution Error [zenomenu.js / menu]: conn.getName is not a function
[2026-09-16T13:06:17.802Z] [ERROR] Plugin Execution Error [zenomenu.js / menu]: conn.getName is not a function
[2026-09-16T13:06:45.373Z] [INFO] Arresto richiesto (SIGINT).
[2026-09-16T13:07:01.592Z] [INFO] Caricati con successo 67 comandi plugin (0 falliti).
[2026-09-16T13:07:03.704Z] [INFO] Zeno Bot connesso a WhatsApp con successo.
[2026-09-16T13:07:16.254Z] [ERROR] Plugin Execution Error [zenomenu.js / menu]: Cannot read properties of undefined (reading 'data')
[2026-09-16T13:07:47.003Z] [INFO] Arresto richiesto (SIGINT).
[2026-09-16T13:08:14.052Z] [INFO] Caricati con successo 67 comandi plugin (0 falliti).
[2026-09-16T13:08:15.632Z] [INFO] Zeno Bot connesso a WhatsApp con successo.
[2026-09-16T13:08:24.498Z] [ERROR] Plugin Execution Error [zenomenu.js / menu]: Cannot read properties of undefined (reading 'buttons')
[2026-09-16T13:10:44.035Z] [INFO] Arresto richiesto (SIGINT).
[2026-09-16T13:11:03.619Z] [INFO] Caricati con successo 67 comandi plugin (0 falliti).
[2026-09-16T13:11:05.042Z] [INFO] Zeno Bot connesso a WhatsApp con successo.
[2026-09-16T13:13:03.164Z] [INFO] Arresto richiesto (SIGINT).
[2026-09-16T13:13:19.310Z] [INFO] Caricati con successo 67 comandi plugin (0 falliti).
[2026-09-16T13:13:21.434Z] [INFO] Zeno Bot connesso a WhatsApp con successo.
[2026-09-16T13:15:05.073Z] [INFO] Arresto richiesto (SIGINT).
[2026-09-16T13:15:21.782Z] [INFO] Caricati con successo 67 comandi plugin (0 falliti).
[2026-09-16T13:15:23.506Z] [INFO] Zeno Bot connesso a WhatsApp con successo.
[2026-09-16T13:17:38.475Z] [INFO] Arresto richiesto (SIGINT).
[2026-09-16T13:17:53.785Z] [INFO] Caricati con successo 67 comandi plugin (0 falliti).
[2026-09-16T13:17:55.692Z] [INFO] Zeno Bot connesso a WhatsApp con successo.
[2026-09-16T13:19:08.497Z] [INFO] Arresto richiesto (SIGINT).
[2026-09-16T13:19:30.435Z] [INFO] Caricati con successo 67 comandi plugin (0 falliti).
[2026-09-16T13:19:32.328Z] [INFO] Zeno Bot connesso a WhatsApp con successo.
[2026-09-16T13:20:57.230Z] [INFO] Arresto richiesto (SIGINT).
[2026-09-16T13:21:11.368Z] [INFO] Caricati con successo 67 comandi plugin (0 falliti).
[2026-09-16T13:21:13.280Z] [INFO] Zeno Bot connesso a WhatsApp con successo.
[2026-09-16T13:23:15.235Z] [INFO] Arresto richiesto (SIGINT).
[2026-09-16T13:23:32.104Z] [ERROR] Plugin Error [zenomenu.js]: Missing catch or finally after try
[2026-09-16T13:23:32.104Z] [INFO] Caricati con successo 66 comandi plugin (1 falliti).
[2026-09-16T13:23:33.537Z] [INFO] Zeno Bot connesso a WhatsApp con successo.
[2026-09-16T13:23:34.316Z] [INFO] Arresto richiesto (SIGINT).
[2026-09-16T13:24:01.420Z] [ERROR] Plugin Error [zenomenu.js]: Missing catch or finally after try
[2026-09-16T13:24:01.420Z] [INFO] Caricati con successo 66 comandi plugin (1 falliti).
[2026-09-16T13:24:03.047Z] [INFO] Zeno Bot connesso a WhatsApp con successo.
[2026-09-16T13:24:36.970Z] [INFO] Arresto richiesto (SIGINT).
[2026-09-16T13:24:48.761Z] [INFO] Caricati con successo 67 comandi plugin (0 falliti).
[2026-09-16T13:24:50.320Z] [INFO] Zeno Bot connesso a WhatsApp con successo.
[2026-09-16T13:25:42.494Z] [INFO] Arresto richiesto (SIGINT).
[2026-09-16T13:25:58.619Z] [INFO] Caricati con successo 67 comandi plugin (0 falliti).
[2026-09-16T13:26:00.209Z] [INFO] Zeno Bot connesso a WhatsApp con successo.
[2026-09-16T13:26:52.913Z] [INFO] Arresto richiesto (SIGINT).
[2026-09-16T13:29:18.787Z] [INFO] Caricati con successo 67 comandi plugin (0 falliti).
[2026-09-16T13:29:21.156Z] [INFO] Zeno Bot connesso a WhatsApp con successo.
[2026-09-16T13:31:59.364Z] [INFO] Arresto richiesto (SIGINT).
[2026-09-16T13:32:22.378Z] [INFO] Caricati con successo 67 comandi plugin (0 falliti).
[2026-09-16T13:32:24.422Z] [INFO] Zeno Bot connesso a WhatsApp con successo.
[2026-09-16T13:34:59.500Z] [INFO] Arresto richiesto (SIGINT).
[2026-09-16T13:35:30.866Z] [INFO] Caricati con successo 67 comandi plugin (0 falliti).
[2026-09-16T13:35:32.807Z] [INFO] Zeno Bot connesso a WhatsApp con successo.
[2026-09-16T13:35:38.752Z] [ERROR] Plugin Execution Error [zenomenu.js / menu]: Cannot read properties of undefined (reading 'buttons')
[2026-09-16T13:36:21.322Z] [INFO] Arresto richiesto (SIGINT).
[2026-09-16T13:37:47.454Z] [INFO] Caricati con successo 67 comandi plugin (0 falliti).
[2026-09-16T13:37:49.355Z] [INFO] Zeno Bot connesso a WhatsApp con successo.
[2026-09-16T13:37:57.346Z] [ERROR] Plugin Execution Error [zenomenu.js / menu]: Cannot read properties of undefined (reading 'buttons')
[2026-09-16T13:38:32.994Z] [INFO] Arresto richiesto (SIGINT).
[2026-09-16T13:39:41.313Z] [ERROR] Plugin Error [Shazam.js]: Cannot find package '@whiskeysockets/baileys' imported from /data/data/com.termux/files/home/18kbot/plugins/Shazam.js
[2026-09-16T13:39:41.911Z] [INFO] Caricati con successo 66 comandi plugin (1 falliti).
[2026-09-16T13:39:41.913Z] [ERROR] Unhandled Rejection: useMultiFileAuthState is not defined
[2026-09-16T13:41:46.977Z] [INFO] Caricati con successo 67 comandi plugin (0 falliti).
[2026-09-16T13:41:48.900Z] [INFO] Zeno Bot connesso a WhatsApp con successo.
[2026-09-16T13:41:49.449Z] [ERROR] Plugin Execution Error [zenomenu.js / menu]: Cannot read properties of undefined (reading 'map')
[2026-09-16T13:42:53.105Z] [INFO] Arresto richiesto (SIGINT).
[2026-09-16T13:43:11.043Z] [INFO] Caricati con successo 67 comandi plugin (0 falliti).
[2026-09-16T13:43:12.898Z] [INFO] Zeno Bot connesso a WhatsApp con successo.
[2026-09-16T13:44:56.681Z] [INFO] Arresto richiesto (SIGINT).
[2026-09-16T13:45:12.464Z] [INFO] Caricati con successo 67 comandi plugin (0 falliti).
[2026-09-16T13:45:14.346Z] [INFO] Zeno Bot connesso a WhatsApp con successo.
[2026-09-16T13:46:52.446Z] [INFO] Arresto richiesto (SIGINT).
[2026-09-16T13:47:16.396Z] [ERROR] Plugin Error [zenomenu.js]: export default mancante o non è una funzione (trovato: undefined)
[2026-09-16T13:47:16.397Z] [INFO] Caricati con successo 66 comandi plugin (1 falliti).
[2026-09-16T13:47:18.677Z] [INFO] Zeno Bot connesso a WhatsApp con successo.
[2026-09-16T13:47:18.888Z] [INFO] Arresto richiesto (SIGINT).
[2026-09-16T13:54:31.729Z] [INFO] Caricati con successo 75 comandi plugin (0 falliti).
[2026-09-16T13:54:33.379Z] [INFO] Zeno Bot connesso a WhatsApp con successo.
[2026-09-16T14:16:21.826Z] [INFO] Arresto richiesto (SIGINT).
[2026-09-16T14:18:06.071Z] [INFO] Caricati con successo 75 comandi plugin (0 falliti).
[2026-09-16T14:18:11.612Z] [WARN] Connessione chiusa (codice: 405), riconnessione tra 2s.
[2026-09-16T14:18:16.925Z] [WARN] Connessione chiusa (codice: 405), riconnessione tra 4s.
[2026-09-16T14:18:24.864Z] [WARN] Connessione chiusa (codice: 405), riconnessione tra 8s.
[2026-09-16T14:18:26.131Z] [INFO] Arresto richiesto (SIGINT).
[2026-09-16T14:20:21.047Z] [INFO] Caricati con successo 75 comandi plugin (0 falliti).
[2026-09-16T14:20:26.070Z] [WARN] Connessione chiusa (codice: 405), riconnessione tra 2s.
[2026-09-16T14:20:30.951Z] [WARN] Connessione chiusa (codice: 405), riconnessione tra 4s.
[2026-09-16T14:20:33.581Z] [INFO] Arresto richiesto (SIGINT).
[2026-09-16T14:22:36.209Z] [INFO] Caricati con successo 75 comandi plugin (0 falliti).
[2026-09-16T14:22:40.818Z] [WARN] Connessione chiusa (codice: 405), riconnessione tra 2s.
[2026-09-16T14:22:44.252Z] [INFO] Arresto richiesto (SIGINT).
[2026-09-16T14:23:56.061Z] [INFO] Caricati con successo 75 comandi plugin (0 falliti).
[2026-09-16T14:23:58.778Z] [WARN] Connessione chiusa (codice: 405), riconnessione tra 2s.
[2026-09-16T14:24:01.555Z] [INFO] Arresto richiesto (SIGINT).
[2026-09-16T14:32:45.596Z] [ERROR] Plugin Error [Shazam.js]: Cannot find package '@whiskeysockets/baileys' imported from /data/data/com.termux/files/home/18kbot/plugins/Shazam.js
[2026-09-16T14:32:45.900Z] [INFO] Caricati con successo 74 comandi plugin (1 falliti).
[2026-09-16T14:32:46.407Z] [WARN] Connessione chiusa (codice: 405), riconnessione tra 2s.
[2026-09-16T14:32:48.615Z] [INFO] Arresto richiesto (SIGINT).
[2026-09-16T14:37:51.993Z] [INFO] Connesso.
[2026-09-16T14:45:31.056Z] [INFO] Connesso.
[2026-09-16T14:48:43.536Z] [INFO] Connesso.
[2026-09-16T14:50:36.358Z] [INFO] Connesso.
[2026-09-16T14:52:18.555Z] [INFO] Connesso.
[2026-09-16T14:53:42.519Z] [INFO] Connesso.
[2026-09-16T14:59:27.578Z] [INFO] Connesso.
[2026-09-16T15:01:31.985Z] [INFO] Connesso.
[2026-09-16T15:04:02.123Z] [INFO] Connesso.
[2026-09-16T15:11:03.300Z] [INFO] Connesso.
[2026-09-16T15:13:14.519Z] [ERROR] Plugin Error [Shazam.js]: undefined
[2026-09-16T15:13:14.879Z] [INFO] Caricati con successo 74 comandi plugin (1 falliti).
[2026-09-16T15:13:16.405Z] [INFO] Zeno Bot connesso a WhatsApp con successo.
[2026-09-16T15:14:11.098Z] [ERROR] Plugin Execution Error [zenomenu.js / menu]: sendButtons is not defined
[2026-09-16T15:16:49.274Z] [INFO] Arresto richiesto (SIGINT).
[2026-09-16T15:17:06.318Z] [ERROR] Plugin Error [Shazam.js]: undefined
[2026-09-16T15:17:06.659Z] [INFO] Caricati con successo 74 comandi plugin (1 falliti).
[2026-09-16T15:17:08.783Z] [INFO] Zeno Bot connesso a WhatsApp con successo.
[2026-09-16T15:18:03.187Z] [INFO] Arresto richiesto (SIGINT).
[2026-09-16T15:18:23.132Z] [ERROR] Plugin Error [Shazam.js]: undefined
[2026-09-16T15:18:23.307Z] [INFO] Caricati con successo 74 comandi plugin (1 falliti).
[2026-09-16T15:18:25.416Z] [INFO] Zeno Bot connesso a WhatsApp con successo.
[2026-09-16T15:19:16.747Z] [INFO] Arresto richiesto (SIGINT).
[2026-09-16T15:19:46.235Z] [ERROR] Plugin Error [Shazam.js]: undefined
[2026-09-16T15:19:46.577Z] [INFO] Caricati con successo 74 comandi plugin (1 falliti).
[2026-09-16T15:19:48.607Z] [INFO] Zeno Bot connesso a WhatsApp con successo.
[2026-09-16T15:20:45.102Z] [INFO] Arresto richiesto (SIGINT).
[2026-09-16T15:20:59.421Z] [ERROR] Plugin Error [Shazam.js]: undefined
[2026-09-16T15:20:59.731Z] [INFO] Caricati con successo 74 comandi plugin (1 falliti).
[2026-09-16T15:21:02.094Z] [INFO] Zeno Bot connesso a WhatsApp con successo.
[2026-09-16T15:22:00.759Z] [INFO] Arresto richiesto (SIGINT).
[2026-09-16T15:22:28.155Z] [ERROR] Plugin Error [Shazam.js]: undefined
[2026-09-16T15:22:28.479Z] [INFO] Caricati con successo 74 comandi plugin (1 falliti).
[2026-09-16T15:22:30.639Z] [INFO] Zeno Bot connesso a WhatsApp con successo.
[2026-09-16T15:23:41.008Z] [INFO] Arresto richiesto (SIGINT).
[2026-09-16T15:24:30.193Z] [ERROR] Plugin Error [Shazam.js]: undefined
[2026-09-16T15:24:30.352Z] [INFO] Caricati con successo 74 comandi plugin (1 falliti).
[2026-09-16T15:24:32.312Z] [INFO] Zeno Bot connesso a WhatsApp con successo.
[2026-09-16T15:25:18.707Z] [INFO] Arresto richiesto (SIGINT).
[2026-09-16T15:26:11.635Z] [ERROR] Plugin Error [Shazam.js]: undefined
[2026-09-16T15:26:12.286Z] [INFO] Caricati con successo 74 comandi plugin (1 falliti).
[2026-09-16T15:26:13.886Z] [INFO] Zeno Bot connesso a WhatsApp con successo.
[2026-09-16T15:27:54.464Z] [INFO] Arresto richiesto (SIGINT).
[2026-09-16T16:33:02.394Z] [ERROR] Plugin Error [Shazam.js]: undefined
[2026-09-16T16:33:02.736Z] [INFO] Caricati con successo 67 comandi plugin (1 falliti).
[2026-09-16T16:33:04.575Z] [INFO] Zeno Bot connesso a WhatsApp con successo.
[2026-09-16T17:15:44.383Z] [WARN] Connessione chiusa (codice: 428), riconnessione tra 2s.
[2026-09-16T17:15:48.606Z] [INFO] Zeno Bot connesso a WhatsApp con successo.
[2026-09-16T17:47:18.924Z] [INFO] Arresto richiesto (SIGINT).
[2026-09-16T17:48:41.243Z] [ERROR] Plugin Error [Shazam.js]: undefined
[2026-09-16T17:48:42.042Z] [INFO] Caricati con successo 67 comandi plugin (1 falliti).
[2026-09-16T17:48:44.633Z] [INFO] Zeno Bot connesso a WhatsApp con successo.
[2026-09-16T17:49:55.568Z] [INFO] Arresto richiesto (SIGINT).
[2026-09-16T17:50:30.621Z] [INFO] Caricati con successo 68 comandi plugin (0 falliti).
[2026-09-16T17:50:32.607Z] [INFO] Zeno Bot connesso a WhatsApp con successo.
[2026-09-16T17:51:45.668Z] [INFO] Arresto richiesto (SIGINT).
[2026-09-16T17:53:23.316Z] [INFO] Caricati con successo 68 comandi plugin (0 falliti).
[2026-09-16T17:53:25.453Z] [INFO] Zeno Bot connesso a WhatsApp con successo.
[2026-09-16T17:58:14.223Z] [INFO] Arresto richiesto (SIGINT).
[2026-09-16T18:03:00.609Z] [ERROR] Plugin Error [pl.js]: Cannot find package '@napi-rs/canvas' imported from /data/data/com.termux/files/home/18kbot/plugins/pl.js
[2026-09-16T18:03:00.871Z] [INFO] Caricati con successo 67 comandi plugin (1 falliti).
[2026-09-16T18:03:02.618Z] [INFO] Arresto richiesto (SIGINT).
[2026-09-16T18:03:31.947Z] [INFO] Caricati con successo 68 comandi plugin (0 falliti).
[2026-09-16T18:03:34.042Z] [INFO] Zeno Bot connesso a WhatsApp con successo.
[2026-09-16T18:06:18.646Z] [INFO] Arresto richiesto (SIGINT).
[2026-09-16T18:06:51.341Z] [INFO] Caricati con successo 68 comandi plugin (0 falliti).
[2026-09-16T18:06:52.864Z] [INFO] Zeno Bot connesso a WhatsApp con successo.
[2026-09-16T18:08:41.339Z] [INFO] Arresto richiesto (SIGINT).
[2026-09-16T18:08:56.684Z] [ERROR] Plugin Error [fix_wrapped.js]: createCanvas is not defined
[2026-09-16T18:08:57.032Z] [INFO] Caricati con successo 68 comandi plugin (1 falliti).
[2026-09-16T18:08:59.146Z] [INFO] Zeno Bot connesso a WhatsApp con successo.
[2026-09-16T18:09:12.121Z] [INFO] Arresto richiesto (SIGINT).
[2026-09-16T18:11:10.755Z] [INFO] Caricati con successo 68 comandi plugin (0 falliti).
[2026-09-16T18:11:13.223Z] [INFO] Zeno Bot connesso a WhatsApp con successo.
[2026-09-16T18:21:21.046Z] [ERROR] Plugin Execution Error [promote_demote.js / p]: jid.replace is not a function
[2026-09-16T18:24:03.518Z] [INFO] Arresto richiesto (SIGINT).
[2026-09-16T18:26:23.259Z] [ERROR] Plugin Error [promote_demote.js]: Unexpected identifier 'bash'
[2026-09-16T18:26:23.743Z] [INFO] Caricati con successo 67 comandi plugin (1 falliti).
[2026-09-16T18:26:25.403Z] [INFO] Zeno Bot connesso a WhatsApp con successo.
[2026-09-16T18:27:20.976Z] [INFO] Arresto richiesto (SIGINT).
[2026-09-16T18:27:39.277Z] [INFO] Caricati con successo 68 comandi plugin (0 falliti).
[2026-09-16T18:27:40.824Z] [INFO] Zeno Bot connesso a WhatsApp con successo.
[2026-09-16T18:28:41.241Z] [INFO] Arresto richiesto (SIGINT).
[2026-09-16T18:29:08.723Z] [INFO] Caricati con successo 68 comandi plugin (0 falliti).
[2026-09-16T18:29:10.275Z] [INFO] Zeno Bot connesso a WhatsApp con successo.
[2026-09-16T18:33:28.963Z] [INFO] Arresto richiesto (SIGINT).
[2026-09-16T18:33:42.829Z] [INFO] Caricati con successo 69 comandi plugin (0 falliti).
[2026-09-16T18:33:44.914Z] [INFO] Zeno Bot connesso a WhatsApp con successo.
[2026-09-16T18:34:45.492Z] [INFO] Arresto richiesto (SIGINT).
[2026-09-16T18:35:01.717Z] [INFO] Caricati con successo 69 comandi plugin (0 falliti).
[2026-09-16T18:35:04.015Z] [INFO] Zeno Bot connesso a WhatsApp con successo.
[2026-09-16T18:36:47.395Z] [INFO] Arresto richiesto (SIGINT).
[2026-09-16T18:37:14.377Z] [ERROR] Plugin Error [pp.js]: Identifier 'pureId' has already been declared
[2026-09-16T18:37:14.789Z] [INFO] Caricati con successo 68 comandi plugin (1 falliti).
[2026-09-16T18:37:16.326Z] [INFO] Zeno Bot connesso a WhatsApp con successo.
[2026-09-16T18:37:16.856Z] [INFO] Arresto richiesto (SIGINT).
[2026-09-16T18:37:33.181Z] [ERROR] Plugin Error [pp.js]: Identifier 'pureId' has already been declared
[2026-09-16T18:37:33.653Z] [INFO] Caricati con successo 68 comandi plugin (1 falliti).
[2026-09-16T18:37:35.902Z] [INFO] Zeno Bot connesso a WhatsApp con successo.
[2026-09-16T18:38:28.434Z] [INFO] Arresto richiesto (SIGINT).
[2026-09-16T18:38:46.945Z] [INFO] Caricati con successo 69 comandi plugin (0 falliti).
[2026-09-16T18:38:49.015Z] [INFO] Zeno Bot connesso a WhatsApp con successo.
[2026-09-16T18:40:43.945Z] [INFO] Arresto richiesto (SIGINT).
[2026-09-16T18:40:59.217Z] [INFO] Caricati con successo 69 comandi plugin (0 falliti).
[2026-09-16T18:41:01.276Z] [INFO] Zeno Bot connesso a WhatsApp con successo.
[2026-09-16T18:42:02.847Z] [INFO] Arresto richiesto (SIGINT).
[2026-09-16T18:42:20.302Z] [INFO] Caricati con successo 69 comandi plugin (0 falliti).
[2026-09-16T18:42:22.300Z] [INFO] Zeno Bot connesso a WhatsApp con successo.
[2026-09-16T18:43:51.044Z] [ERROR] Plugin Execution Error [imperatore.js / imperatore]: rate-overlimit
[2026-09-16T18:45:57.853Z] [ERROR] Plugin Execution Error [imperatore.js / imperatore]: rate-overlimit
[2026-09-16T19:04:20.183Z] [INFO] Arresto richiesto (SIGINT).
[2026-09-16T19:04:44.494Z] [INFO] Caricati con successo 69 comandi plugin (0 falliti).
[2026-09-16T19:04:46.708Z] [INFO] Zeno Bot connesso a WhatsApp con successo.
[2026-09-16T20:14:25.280Z] [WARN] Connessione chiusa (codice: 428), riconnessione tra 2s.
[2026-09-16T20:14:27.339Z] [WARN] Connessione chiusa (codice: 408), riconnessione tra 4s.
[2026-09-16T20:14:31.353Z] [WARN] Connessione chiusa (codice: 408), riconnessione tra 8s.
[2026-09-16T20:14:39.372Z] [WARN] Connessione chiusa (codice: 408), riconnessione tra 16s.
[2026-09-16T20:14:55.397Z] [WARN] Connessione chiusa (codice: 408), riconnessione tra 32s.
[2026-09-16T20:15:27.418Z] [WARN] Connessione chiusa (codice: 408), riconnessione tra 60s.
[2026-09-16T20:16:31.702Z] [INFO] Zeno Bot connesso a WhatsApp con successo.
[2026-09-16T20:55:16.045Z] [WARN] Connessione chiusa (codice: 428), riconnessione tra 2s.
[2026-09-16T20:55:19.971Z] [INFO] Zeno Bot connesso a WhatsApp con successo.
[2026-09-16T21:46:43.494Z] [WARN] Connessione chiusa (codice: 408), riconnessione tra 2s.
[2026-09-16T21:46:50.261Z] [INFO] Zeno Bot connesso a WhatsApp con successo.
[2026-09-16T22:21:54.199Z] [INFO] Arresto richiesto (SIGINT).
[2026-09-16T22:26:47.222Z] [INFO] Caricati con successo 69 comandi plugin (0 falliti).
[2026-09-16T22:26:49.248Z] [INFO] Zeno Bot connesso a WhatsApp con successo.
[2026-09-16T22:28:43.310Z] [INFO] Arresto richiesto (SIGINT).
[2026-09-16T22:29:01.288Z] [INFO] Caricati con successo 69 comandi plugin (0 falliti).
[2026-09-16T22:29:04.188Z] [INFO] Zeno Bot connesso a WhatsApp con successo.
[2026-09-16T23:24:55.138Z] [WARN] Connessione chiusa (codice: 428), riconnessione tra 2s.
[2026-09-16T23:25:01.275Z] [INFO] Zeno Bot connesso a WhatsApp con successo.
[2026-09-17T01:41:36.634Z] [WARN] Connessione chiusa (codice: 428), riconnessione tra 2s.
[2026-09-17T01:41:40.711Z] [INFO] Zeno Bot connesso a WhatsApp con successo.
[2026-09-17T02:48:57.060Z] [WARN] Connessione chiusa (codice: 428), riconnessione tra 2s.
[2026-09-17T02:48:59.101Z] [WARN] Connessione chiusa (codice: 408), riconnessione tra 4s.
[2026-09-17T02:49:03.145Z] [WARN] Connessione chiusa (codice: 408), riconnessione tra 8s.
[2026-09-17T02:49:11.194Z] [WARN] Connessione chiusa (codice: 408), riconnessione tra 16s.
[2026-09-17T02:49:27.217Z] [WARN] Connessione chiusa (codice: 408), riconnessione tra 32s.
[2026-09-17T02:50:04.279Z] [WARN] Connessione chiusa (codice: 408), riconnessione tra 60s.
[2026-09-17T02:51:06.804Z] [INFO] Zeno Bot connesso a WhatsApp con successo.
[2026-09-17T04:40:00.126Z] [WARN] Connessione chiusa (codice: 408), riconnessione tra 2s.
[2026-09-17T04:40:03.723Z] [INFO] Zeno Bot connesso a WhatsApp con successo.
[2026-09-17T04:40:28.196Z] [WARN] Connessione chiusa (codice: 428), riconnessione tra 2s.
[2026-09-17T04:40:32.164Z] [INFO] Zeno Bot connesso a WhatsApp con successo.
[2026-09-17T04:57:31.350Z] [WARN] Connessione chiusa (codice: 408), riconnessione tra 2s.
[2026-09-17T04:57:33.399Z] [WARN] Connessione chiusa (codice: 408), riconnessione tra 4s.
[2026-09-17T04:57:37.441Z] [WARN] Connessione chiusa (codice: 408), riconnessione tra 8s.
[2026-09-17T04:57:45.484Z] [WARN] Connessione chiusa (codice: 408), riconnessione tra 16s.
[2026-09-17T04:58:01.532Z] [WARN] Connessione chiusa (codice: 408), riconnessione tra 32s.
[2026-09-17T04:58:33.581Z] [WARN] Connessione chiusa (codice: 408), riconnessione tra 60s.
[2026-09-17T04:59:33.656Z] [WARN] Connessione chiusa (codice: 408), riconnessione tra 60s.
[2026-09-17T05:00:33.691Z] [WARN] Connessione chiusa (codice: 408), riconnessione tra 60s.
[2026-09-17T05:01:36.530Z] [INFO] Zeno Bot connesso a WhatsApp con successo.
[2026-09-17T11:39:54.289Z] [ERROR] Plugin Execution Error [imperatore.js / imperatore]: rate-overlimit
[2026-09-17T11:40:27.770Z] [WARN] Connessione chiusa (codice: 428), riconnessione tra 2s.
[2026-09-17T11:40:32.088Z] [INFO] Zeno Bot connesso a WhatsApp con successo.
[2026-09-17T13:58:51.687Z] [WARN] Connessione chiusa (codice: 428), riconnessione tra 2s.
[2026-09-17T13:58:56.208Z] [INFO] Zeno Bot connesso a WhatsApp con successo.
[2026-09-17T14:53:27.091Z] [WARN] Connessione chiusa (codice: 408), riconnessione tra 2s.
[2026-09-17T14:53:49.135Z] [WARN] Connessione chiusa (codice: 408), riconnessione tra 4s.
[2026-09-17T14:54:13.184Z] [WARN] Connessione chiusa (codice: 408), riconnessione tra 8s.
[2026-09-17T14:54:31.239Z] [WARN] Connessione chiusa (codice: 408), riconnessione tra 16s.
[2026-09-17T14:54:57.284Z] [WARN] Connessione chiusa (codice: 408), riconnessione tra 32s.
[2026-09-17T14:55:31.382Z] [INFO] Zeno Bot connesso a WhatsApp con successo.
[2026-09-17T15:47:23.937Z] [INFO] Arresto richiesto (SIGINT).
[2026-09-17T15:58:19.646Z] [INFO] Caricati con successo 69 comandi plugin (0 falliti).
[2026-09-17T15:58:22.096Z] [INFO] Zeno Bot connesso a WhatsApp con successo.
[2026-09-17T17:09:58.221Z] [WARN] Connessione chiusa (codice: 428), riconnessione tra 2s.
[2026-09-17T17:10:02.299Z] [INFO] Zeno Bot connesso a WhatsApp con successo.
[2026-09-17T17:37:37.404Z] [WARN] Connessione chiusa (codice: 428), riconnessione tra 2s.
[2026-09-17T17:37:41.811Z] [INFO] Zeno Bot connesso a WhatsApp con successo.
[2026-09-17T18:32:16.190Z] [WARN] Connessione chiusa (codice: 428), riconnessione tra 2s.
[2026-09-17T18:32:21.019Z] [INFO] Zeno Bot connesso a WhatsApp con successo.
[2026-09-17T18:36:27.284Z] [WARN] Connessione chiusa (codice: 428), riconnessione tra 2s.
[2026-09-17T18:36:31.079Z] [INFO] Zeno Bot connesso a WhatsApp con successo.
[2026-09-17T19:09:10.007Z] [WARN] Connessione chiusa (codice: 428), riconnessione tra 2s.
[2026-09-17T19:09:14.511Z] [INFO] Zeno Bot connesso a WhatsApp con successo.
[2026-09-17T19:18:26.759Z] [WARN] Connessione chiusa (codice: 428), riconnessione tra 2s.
[2026-09-17T19:18:30.752Z] [INFO] Zeno Bot connesso a WhatsApp con successo.
[2026-09-17T19:44:53.279Z] [WARN] Connessione chiusa (codice: 428), riconnessione tra 2s.
[2026-09-17T19:44:57.661Z] [INFO] Zeno Bot connesso a WhatsApp con successo.
[2026-09-17T20:29:33.124Z] [WARN] Connessione chiusa (codice: 428), riconnessione tra 2s.
[2026-09-17T20:29:37.063Z] [INFO] Zeno Bot connesso a WhatsApp con successo.
[2026-09-17T21:38:38.432Z] [WARN] Connessione chiusa (codice: 503), riconnessione tra 2s.
[2026-09-17T21:38:42.878Z] [INFO] Zeno Bot connesso a WhatsApp con successo.
[2026-09-17T21:39:06.239Z] [ERROR] Plugin Execution Error [imperatore.js / imperatore]: rate-overlimit
[2026-09-17T21:39:15.744Z] [INFO] Arresto richiesto (SIGINT).
[2026-09-17T21:40:28.325Z] [INFO] Caricati con successo 69 comandi plugin (0 falliti).
[2026-09-17T21:40:30.533Z] [INFO] Zeno Bot connesso a WhatsApp con successo.
[2026-09-17T21:40:49.660Z] [ERROR] Plugin Execution Error [imperatore.js / imperatore]: rate-overlimit
[2026-09-17T21:41:39.138Z] [ERROR] Plugin Execution Error [imperatore.js / imperatore]: rate-overlimit
[2026-09-17T21:48:05.749Z] [WARN] Connessione chiusa (codice: 408), riconnessione tra 2s.
[2026-09-17T21:48:09.427Z] [INFO] Zeno Bot connesso a WhatsApp con successo.
[2026-09-18T04:40:00.137Z] [WARN] Connessione chiusa (codice: 408), riconnessione tra 2s.
[2026-09-18T04:40:02.722Z] [WARN] Connessione chiusa (codice: 428), riconnessione tra 4s.
[2026-09-18T04:40:09.236Z] [INFO] Zeno Bot connesso a WhatsApp con successo.
[2026-09-18T05:01:40.977Z] [WARN] Connessione chiusa (codice: 408), riconnessione tra 2s.
[2026-09-18T05:01:45.187Z] [INFO] Zeno Bot connesso a WhatsApp con successo.
[2026-09-18T14:13:10.122Z] [WARN] Connessione chiusa (codice: 428), riconnessione tra 2s.
[2026-09-18T14:13:14.649Z] [INFO] Zeno Bot connesso a WhatsApp con successo.
[2026-09-18T18:36:13.255Z] [WARN] Connessione chiusa (codice: 428), riconnessione tra 2s.
[2026-09-18T18:36:17.806Z] [INFO] Zeno Bot connesso a WhatsApp con successo.
[2026-09-18T19:20:27.162Z] [WARN] Connessione chiusa (codice: 428), riconnessione tra 2s.
[2026-09-18T19:20:31.646Z] [INFO] Zeno Bot connesso a WhatsApp con successo.
[2026-09-18T19:42:52.437Z] [WARN] Connessione chiusa (codice: 428), riconnessione tra 2s.
[2026-09-18T19:42:56.715Z] [INFO] Zeno Bot connesso a WhatsApp con successo.
[2026-09-18T20:13:31.783Z] [INFO] Arresto richiesto (SIGINT).
[2026-09-18T20:18:43.133Z] [INFO] Caricati con successo 69 comandi plugin (0 falliti).
[2026-09-18T20:18:45.381Z] [INFO] Zeno Bot connesso a WhatsApp con successo.
[2026-09-18T20:24:01.057Z] [INFO] Caricati con successo 69 comandi plugin (0 falliti).
[2026-09-18T20:24:03.583Z] [INFO] Zeno Bot connesso a WhatsApp con successo.
[2026-09-18T20:30:30.553Z] [INFO] Arresto richiesto (SIGINT).
[2026-09-18T20:31:31.446Z] [INFO] Caricati con successo 69 comandi plugin (0 falliti).
[2026-09-18T20:31:33.774Z] [INFO] Zeno Bot connesso a WhatsApp con successo.
[2026-09-18T20:39:51.563Z] [INFO] Arresto richiesto (SIGINT).
[2026-09-18T20:40:14.114Z] [INFO] Caricati con successo 70 comandi plugin (0 falliti).
[2026-09-18T20:40:15.965Z] [INFO] Zeno Bot connesso a WhatsApp con successo.
[2026-09-18T20:47:20.288Z] [INFO] Arresto richiesto (SIGINT).
[2026-09-18T20:47:46.571Z] [INFO] Caricati con successo 70 comandi plugin (0 falliti).
[2026-09-18T20:47:49.126Z] [INFO] Zeno Bot connesso a WhatsApp con successo.
[2026-09-18T20:56:26.747Z] [INFO] Arresto richiesto (SIGINT).
[2026-09-18T20:59:04.632Z] [INFO] Caricati con successo 70 comandi plugin (0 falliti).
[2026-09-18T20:59:06.920Z] [INFO] Zeno Bot connesso a WhatsApp con successo.
[2026-09-18T21:02:36.571Z] [INFO] Arresto richiesto (SIGINT).
[2026-09-18T21:03:04.557Z] [INFO] Caricati con successo 70 comandi plugin (0 falliti).
[2026-09-18T21:03:06.746Z] [INFO] Zeno Bot connesso a WhatsApp con successo.
[2026-09-18T21:08:37.717Z] [INFO] Arresto richiesto (SIGINT).
[2026-09-18T21:09:42.389Z] [INFO] Caricati con successo 70 comandi plugin (0 falliti).
[2026-09-18T21:09:44.522Z] [INFO] Zeno Bot connesso a WhatsApp con successo.
[2026-09-18T21:11:55.563Z] [INFO] Arresto richiesto (SIGINT).
[2026-09-18T21:12:22.469Z] [INFO] Caricati con successo 70 comandi plugin (0 falliti).
[2026-09-18T21:12:25.100Z] [INFO] Zeno Bot connesso a WhatsApp con successo.
[2026-09-18T21:14:32.882Z] [INFO] Arresto richiesto (SIGINT).
[2026-09-18T21:15:07.080Z] [INFO] Caricati con successo 70 comandi plugin (0 falliti).
[2026-09-18T21:15:09.204Z] [INFO] Zeno Bot connesso a WhatsApp con successo.
[2026-09-18T21:17:04.839Z] [INFO] Arresto richiesto (SIGINT).
[2026-09-18T21:18:19.255Z] [INFO] Caricati con successo 70 comandi plugin (0 falliti).
[2026-09-18T21:18:21.642Z] [INFO] Zeno Bot connesso a WhatsApp con successo.
[2026-09-18T21:38:02.028Z] [INFO] Arresto richiesto (SIGINT).
[2026-09-18T21:38:33.662Z] [INFO] Caricati con successo 70 comandi plugin (0 falliti).
[2026-09-18T21:38:36.157Z] [INFO] Zeno Bot connesso a WhatsApp con successo.
[2026-09-18T21:42:02.125Z] [INFO] Arresto richiesto (SIGINT).
[2026-09-18T21:42:46.157Z] [INFO] Caricati con successo 70 comandi plugin (0 falliti).
[2026-09-18T21:42:49.001Z] [INFO] Zeno Bot connesso a WhatsApp con successo.
[2026-09-18T21:45:44.987Z] [INFO] Arresto richiesto (SIGINT).
[2026-09-18T21:50:51.269Z] [INFO] Caricati con successo 70 comandi plugin (0 falliti).
[2026-09-18T21:50:53.923Z] [INFO] Zeno Bot connesso a WhatsApp con successo.
[2026-09-18T23:45:26.446Z] [WARN] Connessione chiusa (codice: 428), riconnessione tra 2s.
[2026-09-18T23:45:30.398Z] [INFO] Zeno Bot connesso a WhatsApp con successo.
[2026-09-19T00:00:27.806Z] [WARN] Connessione chiusa (codice: 428), riconnessione tra 2s.
[2026-09-19T00:00:29.822Z] [WARN] Connessione chiusa (codice: 408), riconnessione tra 4s.
[2026-09-19T00:00:33.849Z] [WARN] Connessione chiusa (codice: 408), riconnessione tra 8s.
[2026-09-19T00:00:41.872Z] [WARN] Connessione chiusa (codice: 408), riconnessione tra 16s.
[2026-09-19T00:00:57.895Z] [WARN] Connessione chiusa (codice: 408), riconnessione tra 32s.
[2026-09-19T00:01:29.944Z] [WARN] Connessione chiusa (codice: 408), riconnessione tra 60s.
[2026-09-19T00:02:29.993Z] [WARN] Connessione chiusa (codice: 408), riconnessione tra 60s.
[2026-09-19T00:03:30.036Z] [WARN] Connessione chiusa (codice: 408), riconnessione tra 60s.
[2026-09-19T00:04:30.076Z] [WARN] Connessione chiusa (codice: 408), riconnessione tra 60s.
[2026-09-19T00:05:30.127Z] [WARN] Connessione chiusa (codice: 408), riconnessione tra 60s.
[2026-09-19T00:06:30.174Z] [WARN] Connessione chiusa (codice: 408), riconnessione tra 60s.
[2026-09-19T00:07:30.213Z] [WARN] Connessione chiusa (codice: 408), riconnessione tra 60s.
[2026-09-19T00:08:30.256Z] [WARN] Connessione chiusa (codice: 408), riconnessione tra 60s.
[2026-09-19T00:09:30.305Z] [WARN] Connessione chiusa (codice: 408), riconnessione tra 60s.
[2026-09-19T00:10:30.347Z] [WARN] Connessione chiusa (codice: 408), riconnessione tra 60s.
[2026-09-19T00:11:30.390Z] [WARN] Connessione chiusa (codice: 408), riconnessione tra 60s.
[2026-09-19T00:12:30.435Z] [WARN] Connessione chiusa (codice: 408), riconnessione tra 60s.
[2026-09-19T00:13:30.476Z] [WARN] Connessione chiusa (codice: 408), riconnessione tra 60s.
[2026-09-19T00:14:30.516Z] [WARN] Connessione chiusa (codice: 408), riconnessione tra 60s.
[2026-09-19T00:15:30.548Z] [WARN] Connessione chiusa (codice: 408), riconnessione tra 60s.
[2026-09-19T00:16:30.597Z] [WARN] Connessione chiusa (codice: 408), riconnessione tra 60s.
[2026-09-19T00:17:30.638Z] [WARN] Connessione chiusa (codice: 408), riconnessione tra 60s.
[2026-09-19T00:18:30.680Z] [WARN] Connessione chiusa (codice: 408), riconnessione tra 60s.
[2026-09-19T00:19:30.727Z] [WARN] Connessione chiusa (codice: 408), riconnessione tra 60s.
[2026-09-19T00:20:30.774Z] [WARN] Connessione chiusa (codice: 408), riconnessione tra 60s.
[2026-09-19T00:21:30.816Z] [WARN] Connessione chiusa (codice: 408), riconnessione tra 60s.
[2026-09-19T00:22:30.855Z] [WARN] Connessione chiusa (codice: 408), riconnessione tra 60s.
[2026-09-19T00:23:30.899Z] [WARN] Connessione chiusa (codice: 408), riconnessione tra 60s.
[2026-09-19T00:24:30.946Z] [WARN] Connessione chiusa (codice: 408), riconnessione tra 60s.
[2026-09-19T00:25:30.984Z] [WARN] Connessione chiusa (codice: 408), riconnessione tra 60s.
[2026-09-19T00:26:31.025Z] [WARN] Connessione chiusa (codice: 408), riconnessione tra 60s.
[2026-09-19T00:27:31.067Z] [WARN] Connessione chiusa (codice: 408), riconnessione tra 60s.
[2026-09-19T00:28:31.111Z] [WARN] Connessione chiusa (codice: 408), riconnessione tra 60s.
[2026-09-19T00:29:31.152Z] [WARN] Connessione chiusa (codice: 408), riconnessione tra 60s.
[2026-09-19T00:30:31.190Z] [WARN] Connessione chiusa (codice: 408), riconnessione tra 60s.
[2026-09-19T00:31:31.235Z] [WARN] Connessione chiusa (codice: 408), riconnessione tra 60s.
[2026-09-19T00:32:31.282Z] [WARN] Connessione chiusa (codice: 408), riconnessione tra 60s.
[2026-09-19T00:33:31.325Z] [WARN] Connessione chiusa (codice: 408), riconnessione tra 60s.
[2026-09-19T00:34:31.363Z] [WARN] Connessione chiusa (codice: 408), riconnessione tra 60s.
[2026-09-19T00:35:31.410Z] [WARN] Connessione chiusa (codice: 408), riconnessione tra 60s.
[2026-09-19T00:36:31.457Z] [WARN] Connessione chiusa (codice: 408), riconnessione tra 60s.
[2026-09-19T00:37:31.496Z] [WARN] Connessione chiusa (codice: 408), riconnessione tra 60s.
[2026-09-19T00:38:31.536Z] [WARN] Connessione chiusa (codice: 408), riconnessione tra 60s.
[2026-09-19T00:39:31.579Z] [WARN] Connessione chiusa (codice: 408), riconnessione tra 60s.
[2026-09-19T00:40:31.613Z] [WARN] Connessione chiusa (codice: 408), riconnessione tra 60s.
[2026-09-19T00:41:31.656Z] [WARN] Connessione chiusa (codice: 408), riconnessione tra 60s.
[2026-09-19T00:42:31.697Z] [WARN] Connessione chiusa (codice: 408), riconnessione tra 60s.
[2026-09-19T00:43:31.739Z] [WARN] Connessione chiusa (codice: 408), riconnessione tra 60s.
[2026-09-19T00:44:31.783Z] [WARN] Connessione chiusa (codice: 408), riconnessione tra 60s.
[2026-09-19T00:45:31.825Z] [WARN] Connessione chiusa (codice: 408), riconnessione tra 60s.
[2026-09-19T00:46:31.863Z] [WARN] Connessione chiusa (codice: 408), riconnessione tra 60s.
[2026-09-19T00:47:31.914Z] [WARN] Connessione chiusa (codice: 408), riconnessione tra 60s.
[2026-09-19T00:48:31.957Z] [WARN] Connessione chiusa (codice: 408), riconnessione tra 60s.
[2026-09-19T00:49:31.999Z] [WARN] Connessione chiusa (codice: 408), riconnessione tra 60s.
[2026-09-19T00:50:32.039Z] [WARN] Connessione chiusa (codice: 408), riconnessione tra 60s.
[2026-09-19T00:51:32.087Z] [WARN] Connessione chiusa (codice: 408), riconnessione tra 60s.
[2026-09-19T00:52:32.128Z] [WARN] Connessione chiusa (codice: 408), riconnessione tra 60s.
[2026-09-19T00:53:32.173Z] [WARN] Connessione chiusa (codice: 408), riconnessione tra 60s.
[2026-09-19T00:54:32.219Z] [WARN] Connessione chiusa (codice: 408), riconnessione tra 60s.
[2026-09-19T00:55:32.259Z] [WARN] Connessione chiusa (codice: 408), riconnessione tra 60s.
[2026-09-19T00:56:32.302Z] [WARN] Connessione chiusa (codice: 408), riconnessione tra 60s.
[2026-09-19T00:57:32.349Z] [WARN] Connessione chiusa (codice: 408), riconnessione tra 60s.
[2026-09-19T00:58:32.396Z] [WARN] Connessione chiusa (codice: 408), riconnessione tra 60s.
[2026-09-19T00:59:32.410Z] [WARN] Connessione chiusa (codice: 408), riconnessione tra 60s.
[2026-09-19T01:00:32.449Z] [WARN] Connessione chiusa (codice: 408), riconnessione tra 60s.
[2026-09-19T01:01:32.492Z] [WARN] Connessione chiusa (codice: 408), riconnessione tra 60s.
[2026-09-19T01:02:32.537Z] [WARN] Connessione chiusa (codice: 408), riconnessione tra 60s.
[2026-09-19T01:03:32.578Z] [WARN] Connessione chiusa (codice: 408), riconnessione tra 60s.
[2026-09-19T01:04:32.615Z] [WARN] Connessione chiusa (codice: 408), riconnessione tra 60s.
[2026-09-19T01:05:32.654Z] [WARN] Connessione chiusa (codice: 408), riconnessione tra 60s.
[2026-09-19T01:06:32.700Z] [WARN] Connessione chiusa (codice: 408), riconnessione tra 60s.
[2026-09-19T01:07:32.741Z] [WARN] Connessione chiusa (codice: 408), riconnessione tra 60s.
[2026-09-19T01:08:32.782Z] [WARN] Connessione chiusa (codice: 408), riconnessione tra 60s.
[2026-09-19T01:09:32.826Z] [WARN] Connessione chiusa (codice: 408), riconnessione tra 60s.
[2026-09-19T01:10:32.871Z] [WARN] Connessione chiusa (codice: 408), riconnessione tra 60s.
[2026-09-19T01:11:32.912Z] [WARN] Connessione chiusa (codice: 408), riconnessione tra 60s.
[2026-09-19T01:12:32.947Z] [WARN] Connessione chiusa (codice: 408), riconnessione tra 60s.
[2026-09-19T01:13:32.995Z] [WARN] Connessione chiusa (codice: 408), riconnessione tra 60s.
[2026-09-19T01:14:33.044Z] [WARN] Connessione chiusa (codice: 408), riconnessione tra 60s.
[2026-09-19T01:15:33.087Z] [WARN] Connessione chiusa (codice: 408), riconnessione tra 60s.
[2026-09-19T01:16:33.127Z] [WARN] Connessione chiusa (codice: 408), riconnessione tra 60s.
[2026-09-19T01:17:33.174Z] [WARN] Connessione chiusa (codice: 408), riconnessione tra 60s.
[2026-09-19T01:18:33.213Z] [WARN] Connessione chiusa (codice: 408), riconnessione tra 60s.
[2026-09-19T01:19:33.253Z] [WARN] Connessione chiusa (codice: 408), riconnessione tra 60s.
[2026-09-19T01:20:33.294Z] [WARN] Connessione chiusa (codice: 408), riconnessione tra 60s.
[2026-09-19T01:21:33.338Z] [WARN] Connessione chiusa (codice: 408), riconnessione tra 60s.
[2026-09-19T01:22:33.385Z] [WARN] Connessione chiusa (codice: 408), riconnessione tra 60s.
[2026-09-19T01:23:33.432Z] [WARN] Connessione chiusa (codice: 408), riconnessione tra 60s.
[2026-09-19T01:24:33.478Z] [WARN] Connessione chiusa (codice: 408), riconnessione tra 60s.
[2026-09-19T04:40:01.677Z] [WARN] Connessione chiusa (codice: 408), riconnessione tra 60s.
[2026-09-19T04:41:03.790Z] [INFO] Zeno Bot connesso a WhatsApp con successo.
[2026-09-19T10:17:26.902Z] [WARN] Connessione chiusa (codice: 428), riconnessione tra 2s.
[2026-09-19T10:17:31.137Z] [INFO] Zeno Bot connesso a WhatsApp con successo.
[2026-09-19T13:31:48.813Z] [WARN] Connessione chiusa (codice: 428), riconnessione tra 2s.
[2026-09-19T13:31:50.855Z] [WARN] Connessione chiusa (codice: 408), riconnessione tra 4s.
[2026-09-19T13:31:54.890Z] [WARN] Connessione chiusa (codice: 408), riconnessione tra 8s.
[2026-09-19T13:32:02.935Z] [WARN] Connessione chiusa (codice: 408), riconnessione tra 16s.
[2026-09-19T13:32:18.956Z] [WARN] Connessione chiusa (codice: 408), riconnessione tra 32s.
[2026-09-19T13:32:56.012Z] [WARN] Connessione chiusa (codice: 408), riconnessione tra 60s.
[2026-09-19T13:34:06.069Z] [WARN] Connessione chiusa (codice: 408), riconnessione tra 60s.
[2026-09-19T13:35:06.133Z] [WARN] Connessione chiusa (codice: 408), riconnessione tra 60s.
[2026-09-19T13:36:16.210Z] [WARN] Connessione chiusa (codice: 408), riconnessione tra 60s.
[2026-09-19T13:37:19.055Z] [INFO] Zeno Bot connesso a WhatsApp con successo.
[2026-09-19T13:57:58.539Z] [WARN] Connessione chiusa (codice: 428), riconnessione tra 2s.
[2026-09-19T13:58:00.585Z] [WARN] Connessione chiusa (codice: 408), riconnessione tra 4s.
[2026-09-19T13:58:04.629Z] [WARN] Connessione chiusa (codice: 408), riconnessione tra 8s.
[2026-09-19T13:58:12.666Z] [WARN] Connessione chiusa (codice: 408), riconnessione tra 16s.
[2026-09-19T13:58:28.703Z] [WARN] Connessione chiusa (codice: 408), riconnessione tra 32s.
[2026-09-19T13:59:10.738Z] [WARN] Connessione chiusa (codice: 408), riconnessione tra 60s.
[2026-09-19T14:00:15.818Z] [WARN] Connessione chiusa (codice: 408), riconnessione tra 60s.
[2026-09-19T14:01:20.889Z] [WARN] Connessione chiusa (codice: 408), riconnessione tra 60s.
[2026-09-19T14:02:26.092Z] [WARN] Connessione chiusa (codice: 408), riconnessione tra 60s.
[2026-09-19T14:03:28.002Z] [INFO] Zeno Bot connesso a WhatsApp con successo.
[2026-09-19T19:16:33.325Z] [WARN] Connessione chiusa (codice: 428), riconnessione tra 2s.
[2026-09-19T19:16:37.813Z] [INFO] Zeno Bot connesso a WhatsApp con successo.
[2026-09-20T13:32:34.113Z] [WARN] Connessione chiusa (codice: 408), riconnessione tra 2s.
[2026-09-20T13:32:37.940Z] [INFO] Zeno Bot connesso a WhatsApp con successo.
[2026-09-20T20:04:23.783Z] [WARN] Connessione chiusa (codice: 428), riconnessione tra 2s.
[2026-09-20T20:04:27.554Z] [INFO] Zeno Bot connesso a WhatsApp con successo.
[2026-09-20T21:31:27.051Z] [WARN] Connessione chiusa (codice: 428), riconnessione tra 2s.
[2026-09-20T21:31:31.541Z] [INFO] Zeno Bot connesso a WhatsApp con successo.
[2026-09-21T00:22:42.774Z] [WARN] Connessione chiusa (codice: 408), riconnessione tra 2s.
[2026-09-21T00:22:46.417Z] [INFO] Zeno Bot connesso a WhatsApp con successo.
[2026-09-21T00:33:14.291Z] [WARN] Connessione chiusa (codice: 428), riconnessione tra 2s.
[2026-09-21T00:33:18.241Z] [INFO] Zeno Bot connesso a WhatsApp con successo.
[2026-09-21T04:40:00.096Z] [WARN] Connessione chiusa (codice: 408), riconnessione tra 2s.
[2026-09-21T04:40:04.046Z] [INFO] Zeno Bot connesso a WhatsApp con successo.
[2026-09-21T06:16:22.708Z] [WARN] Connessione chiusa (codice: 408), riconnessione tra 2s.
[2026-09-21T06:16:24.759Z] [WARN] Connessione chiusa (codice: 408), riconnessione tra 4s.
[2026-09-21T06:16:28.796Z] [WARN] Connessione chiusa (codice: 408), riconnessione tra 8s.
[2026-09-21T06:16:39.121Z] [INFO] Zeno Bot connesso a WhatsApp con successo.
[2026-09-21T06:16:45.252Z] [WARN] Connessione chiusa (codice: 428), riconnessione tra 2s.
[2026-09-21T06:16:48.791Z] [INFO] Zeno Bot connesso a WhatsApp con successo.
[2026-09-21T06:57:27.462Z] [WARN] Connessione chiusa (codice: 408), riconnessione tra 2s.
[2026-09-21T06:57:29.499Z] [WARN] Connessione chiusa (codice: 408), riconnessione tra 4s.
[2026-09-21T06:57:33.533Z] [WARN] Connessione chiusa (codice: 408), riconnessione tra 8s.
[2026-09-21T06:57:51.582Z] [WARN] Connessione chiusa (codice: 408), riconnessione tra 16s.
[2026-09-21T06:58:07.625Z] [WARN] Connessione chiusa (codice: 408), riconnessione tra 32s.
[2026-09-21T06:58:49.675Z] [WARN] Connessione chiusa (codice: 408), riconnessione tra 60s.
[2026-09-21T06:59:49.732Z] [WARN] Connessione chiusa (codice: 408), riconnessione tra 60s.
[2026-09-21T07:00:49.786Z] [WARN] Connessione chiusa (codice: 408), riconnessione tra 60s.
[2026-09-21T07:01:51.783Z] [INFO] Zeno Bot connesso a WhatsApp con successo.
[2026-09-21T13:46:14.822Z] [WARN] Connessione chiusa (codice: 408), riconnessione tra 2s.
[2026-09-21T13:46:16.866Z] [WARN] Connessione chiusa (codice: 408), riconnessione tra 4s.
[2026-09-21T13:46:25.902Z] [WARN] Connessione chiusa (codice: 408), riconnessione tra 8s.
[2026-09-21T13:46:38.950Z] [WARN] Connessione chiusa (codice: 408), riconnessione tra 16s.
[2026-09-21T13:47:04.996Z] [WARN] Connessione chiusa (codice: 408), riconnessione tra 32s.
[2026-09-21T13:47:47.065Z] [WARN] Connessione chiusa (codice: 408), riconnessione tra 60s.
[2026-09-21T13:48:57.118Z] [WARN] Connessione chiusa (codice: 408), riconnessione tra 60s.
[2026-09-21T13:49:57.159Z] [WARN] Connessione chiusa (codice: 408), riconnessione tra 60s.
[2026-09-21T13:51:05.164Z] [INFO] Zeno Bot connesso a WhatsApp con successo.
[2026-09-21T14:11:48.615Z] [WARN] Connessione chiusa (codice: 408), riconnessione tra 2s.
[2026-09-21T14:12:27.028Z] [INFO] Zeno Bot connesso a WhatsApp con successo.
[2026-09-21T14:27:45.858Z] [WARN] Connessione chiusa (codice: 408), riconnessione tra 2s.
[2026-09-21T14:28:35.937Z] [WARN] Connessione chiusa (codice: 408), riconnessione tra 4s.
[2026-09-21T14:28:44.215Z] [INFO] Zeno Bot connesso a WhatsApp con successo.
[2026-09-21T14:30:25.874Z] [WARN] Connessione chiusa (codice: 408), riconnessione tra 2s.
[2026-09-21T14:30:47.920Z] [WARN] Connessione chiusa (codice: 408), riconnessione tra 4s.
[2026-09-21T14:30:51.967Z] [WARN] Connessione chiusa (codice: 408), riconnessione tra 8s.
[2026-09-21T14:31:00.006Z] [WARN] Connessione chiusa (codice: 408), riconnessione tra 16s.
[2026-09-21T14:31:16.042Z] [WARN] Connessione chiusa (codice: 408), riconnessione tra 32s.
[2026-09-21T14:31:48.090Z] [WARN] Connessione chiusa (codice: 408), riconnessione tra 60s.
[2026-09-21T14:32:50.265Z] [INFO] Zeno Bot connesso a WhatsApp con successo.
[2026-09-21T14:33:47.167Z] [WARN] Connessione chiusa (codice: 428), riconnessione tra 2s.
[2026-09-21T14:33:49.203Z] [WARN] Connessione chiusa (codice: 408), riconnessione tra 4s.
[2026-09-21T14:33:53.238Z] [WARN] Connessione chiusa (codice: 408), riconnessione tra 8s.
[2026-09-21T14:34:03.150Z] [INFO] Zeno Bot connesso a WhatsApp con successo.
[2026-09-21T14:42:38.634Z] [WARN] Connessione chiusa (codice: 428), riconnessione tra 2s.
[2026-09-21T14:42:48.140Z] [INFO] Zeno Bot connesso a WhatsApp con successo.
[2026-09-21T14:44:01.876Z] [WARN] Connessione chiusa (codice: 408), riconnessione tra 2s.
[2026-09-21T14:44:16.663Z] [INFO] Zeno Bot connesso a WhatsApp con successo.
[2026-09-21T14:47:13.702Z] [WARN] Connessione chiusa (codice: 408), riconnessione tra 2s.
[2026-09-21T14:47:25.743Z] [WARN] Connessione chiusa (codice: 408), riconnessione tra 4s.
[2026-09-21T14:47:37.302Z] [INFO] Zeno Bot connesso a WhatsApp con successo.
[2026-09-21T14:47:48.716Z] [WARN] Connessione chiusa (codice: 428), riconnessione tra 2s.
[2026-09-21T14:47:52.911Z] [INFO] Zeno Bot connesso a WhatsApp con successo.
[2026-09-21T14:48:01.295Z] [WARN] Connessione chiusa (codice: 428), riconnessione tra 2s.
[2026-09-21T14:48:03.330Z] [WARN] Connessione chiusa (codice: 408), riconnessione tra 4s.
[2026-09-21T14:48:09.500Z] [INFO] Zeno Bot connesso a WhatsApp con successo.
[2026-09-21T14:49:07.708Z] [WARN] Connessione chiusa (codice: 428), riconnessione tra 2s.
[2026-09-21T14:49:09.751Z] [WARN] Connessione chiusa (codice: 408), riconnessione tra 4s.
[2026-09-21T14:49:13.785Z] [WARN] Connessione chiusa (codice: 408), riconnessione tra 8s.
[2026-09-21T14:49:21.829Z] [WARN] Connessione chiusa (codice: 408), riconnessione tra 16s.
[2026-09-21T14:49:37.879Z] [WARN] Connessione chiusa (codice: 408), riconnessione tra 32s.
[2026-09-21T14:50:09.930Z] [WARN] Connessione chiusa (codice: 408), riconnessione tra 60s.
[2026-09-21T14:51:09.991Z] [WARN] Connessione chiusa (codice: 408), riconnessione tra 60s.
[2026-09-21T14:52:12.475Z] [INFO] Zeno Bot connesso a WhatsApp con successo.
[2026-09-21T16:59:20.121Z] [WARN] Connessione chiusa (codice: 408), riconnessione tra 2s.
[2026-09-21T16:59:22.171Z] [WARN] Connessione chiusa (codice: 408), riconnessione tra 4s.
[2026-09-21T16:59:26.196Z] [WARN] Connessione chiusa (codice: 408), riconnessione tra 8s.
[2026-09-21T16:59:34.236Z] [WARN] Connessione chiusa (codice: 408), riconnessione tra 16s.
[2026-09-21T16:59:55.320Z] [WARN] Connessione chiusa (codice: 408), riconnessione tra 32s.
[2026-09-21T17:00:27.379Z] [WARN] Connessione chiusa (codice: 408), riconnessione tra 60s.
[2026-09-21T17:01:27.438Z] [WARN] Connessione chiusa (codice: 408), riconnessione tra 60s.
[2026-09-21T17:02:27.513Z] [WARN] Connessione chiusa (codice: 408), riconnessione tra 60s.
[2026-09-21T17:03:27.575Z] [WARN] Connessione chiusa (codice: 408), riconnessione tra 60s.
[2026-09-21T17:04:27.652Z] [WARN] Connessione chiusa (codice: 408), riconnessione tra 60s.
[2026-09-21T17:05:27.737Z] [WARN] Connessione chiusa (codice: 408), riconnessione tra 60s.
[2026-09-21T17:06:27.814Z] [WARN] Connessione chiusa (codice: 408), riconnessione tra 60s.
[2026-09-21T17:07:27.896Z] [WARN] Connessione chiusa (codice: 408), riconnessione tra 60s.
[2026-09-21T17:08:27.976Z] [WARN] Connessione chiusa (codice: 408), riconnessione tra 60s.
[2026-09-21T17:09:28.051Z] [WARN] Connessione chiusa (codice: 408), riconnessione tra 60s.
[2026-09-21T17:10:28.113Z] [WARN] Connessione chiusa (codice: 408), riconnessione tra 60s.
[2026-09-21T17:11:28.189Z] [WARN] Connessione chiusa (codice: 408), riconnessione tra 60s.
[2026-09-21T17:12:28.257Z] [WARN] Connessione chiusa (codice: 408), riconnessione tra 60s.
[2026-09-21T17:13:28.334Z] [WARN] Connessione chiusa (codice: 408), riconnessione tra 60s.
[2026-09-21T17:14:28.417Z] [WARN] Connessione chiusa (codice: 408), riconnessione tra 60s.
[2026-09-21T17:15:28.500Z] [WARN] Connessione chiusa (codice: 408), riconnessione tra 60s.
[2026-09-21T17:16:28.584Z] [WARN] Connessione chiusa (codice: 408), riconnessione tra 60s.
[2026-09-21T17:17:28.640Z] [WARN] Connessione chiusa (codice: 408), riconnessione tra 60s.
[2026-09-21T17:18:28.718Z] [WARN] Connessione chiusa (codice: 408), riconnessione tra 60s.
[2026-09-21T17:19:28.797Z] [WARN] Connessione chiusa (codice: 408), riconnessione tra 60s.
[2026-09-21T17:20:28.868Z] [WARN] Connessione chiusa (codice: 408), riconnessione tra 60s.
[2026-09-21T17:21:33.954Z] [WARN] Connessione chiusa (codice: 408), riconnessione tra 60s.
[2026-09-21T17:22:34.033Z] [WARN] Connessione chiusa (codice: 408), riconnessione tra 60s.
[2026-09-21T17:23:34.125Z] [WARN] Connessione chiusa (codice: 408), riconnessione tra 60s.
[2026-09-21T17:24:34.188Z] [WARN] Connessione chiusa (codice: 408), riconnessione tra 60s.
[2026-09-21T17:25:34.278Z] [WARN] Connessione chiusa (codice: 408), riconnessione tra 60s.
[2026-09-21T17:26:34.363Z] [WARN] Connessione chiusa (codice: 408), riconnessione tra 60s.
[2026-09-21T17:27:34.447Z] [WARN] Connessione chiusa (codice: 408), riconnessione tra 60s.
[2026-09-21T17:28:34.525Z] [WARN] Connessione chiusa (codice: 408), riconnessione tra 60s.
[2026-09-21T17:29:39.610Z] [WARN] Connessione chiusa (codice: 408), riconnessione tra 60s.
[2026-09-21T17:30:39.692Z] [WARN] Connessione chiusa (codice: 408), riconnessione tra 60s.
[2026-09-21T17:31:39.780Z] [WARN] Connessione chiusa (codice: 408), riconnessione tra 60s.
[2026-09-21T17:32:39.852Z] [WARN] Connessione chiusa (codice: 408), riconnessione tra 60s.
[2026-09-21T17:33:39.942Z] [WARN] Connessione chiusa (codice: 408), riconnessione tra 60s.
[2026-09-21T17:34:40.026Z] [WARN] Connessione chiusa (codice: 408), riconnessione tra 60s.
[2026-09-21T17:35:40.115Z] [WARN] Connessione chiusa (codice: 408), riconnessione tra 60s.
[2026-09-21T17:36:40.204Z] [WARN] Connessione chiusa (codice: 408), riconnessione tra 60s.
[2026-09-21T17:37:40.290Z] [WARN] Connessione chiusa (codice: 408), riconnessione tra 60s.
[2026-09-21T17:38:40.375Z] [WARN] Connessione chiusa (codice: 408), riconnessione tra 60s.
[2026-09-21T17:39:40.460Z] [WARN] Connessione chiusa (codice: 408), riconnessione tra 60s.
[2026-09-21T17:40:40.554Z] [WARN] Connessione chiusa (codice: 408), riconnessione tra 60s.
[2026-09-21T17:41:40.639Z] [WARN] Connessione chiusa (codice: 408), riconnessione tra 60s.
[2026-09-21T17:42:40.718Z] [WARN] Connessione chiusa (codice: 408), riconnessione tra 60s.
[2026-09-21T17:43:40.807Z] [WARN] Connessione chiusa (codice: 408), riconnessione tra 60s.
[2026-09-21T17:44:40.906Z] [WARN] Connessione chiusa (codice: 408), riconnessione tra 60s.
[2026-09-21T17:45:41.005Z] [WARN] Connessione chiusa (codice: 408), riconnessione tra 60s.
[2026-09-21T17:46:41.200Z] [WARN] Connessione chiusa (codice: 408), riconnessione tra 60s.
[2026-09-21T17:47:41.290Z] [WARN] Connessione chiusa (codice: 408), riconnessione tra 60s.
[2026-09-21T17:48:41.380Z] [WARN] Connessione chiusa (codice: 408), riconnessione tra 60s.
[2026-09-21T17:49:41.440Z] [WARN] Connessione chiusa (codice: 408), riconnessione tra 60s.
[2026-09-21T17:50:41.529Z] [WARN] Connessione chiusa (codice: 408), riconnessione tra 60s.
[2026-09-21T17:51:41.632Z] [WARN] Connessione chiusa (codice: 408), riconnessione tra 60s.
[2026-09-21T17:52:41.718Z] [WARN] Connessione chiusa (codice: 408), riconnessione tra 60s.
[2026-09-21T17:53:41.816Z] [WARN] Connessione chiusa (codice: 408), riconnessione tra 60s.
[2026-09-21T17:54:41.939Z] [WARN] Connessione chiusa (codice: 408), riconnessione tra 60s.
[2026-09-21T17:55:42.038Z] [WARN] Connessione chiusa (codice: 408), riconnessione tra 60s.
[2026-09-21T17:56:42.139Z] [WARN] Connessione chiusa (codice: 408), riconnessione tra 60s.
[2026-09-21T17:57:42.214Z] [WARN] Connessione chiusa (codice: 408), riconnessione tra 60s.
[2026-09-21T17:58:42.273Z] [WARN] Connessione chiusa (codice: 408), riconnessione tra 60s.
[2026-09-21T17:59:42.366Z] [WARN] Connessione chiusa (codice: 408), riconnessione tra 60s.
[2026-09-21T18:00:42.457Z] [WARN] Connessione chiusa (codice: 408), riconnessione tra 60s.
[2026-09-21T18:01:42.541Z] [WARN] Connessione chiusa (codice: 408), riconnessione tra 60s.
[2026-09-21T18:02:42.597Z] [WARN] Connessione chiusa (codice: 408), riconnessione tra 60s.
[2026-09-21T18:03:42.678Z] [WARN] Connessione chiusa (codice: 408), riconnessione tra 60s.
[2026-09-21T18:04:42.756Z] [WARN] Connessione chiusa (codice: 408), riconnessione tra 60s.
[2026-09-21T18:05:42.840Z] [WARN] Connessione chiusa (codice: 408), riconnessione tra 60s.
[2026-09-21T18:06:42.912Z] [WARN] Connessione chiusa (codice: 408), riconnessione tra 60s.
[2026-09-21T18:07:42.975Z] [WARN] Connessione chiusa (codice: 408), riconnessione tra 60s.
[2026-09-21T18:08:43.045Z] [WARN] Connessione chiusa (codice: 408), riconnessione tra 60s.
[2026-09-21T18:09:43.120Z] [WARN] Connessione chiusa (codice: 408), riconnessione tra 60s.
[2026-09-21T18:10:43.346Z] [WARN] Connessione chiusa (codice: 408), riconnessione tra 60s.
[2026-09-21T18:11:43.444Z] [WARN] Connessione chiusa (codice: 408), riconnessione tra 60s.
[2026-09-21T18:12:43.519Z] [WARN] Connessione chiusa (codice: 408), riconnessione tra 60s.
[2026-09-21T18:13:43.586Z] [WARN] Connessione chiusa (codice: 408), riconnessione tra 60s.
[2026-09-21T18:14:43.691Z] [WARN] Connessione chiusa (codice: 408), riconnessione tra 60s.
[2026-09-21T18:15:43.772Z] [WARN] Connessione chiusa (codice: 408), riconnessione tra 60s.
[2026-09-21T18:16:43.854Z] [WARN] Connessione chiusa (codice: 408), riconnessione tra 60s.
[2026-09-21T18:17:43.982Z] [WARN] Connessione chiusa (codice: 408), riconnessione tra 60s.
[2026-09-21T18:18:44.110Z] [WARN] Connessione chiusa (codice: 408), riconnessione tra 60s.
[2026-09-21T18:19:44.206Z] [WARN] Connessione chiusa (codice: 408), riconnessione tra 60s.
[2026-09-21T18:20:44.298Z] [WARN] Connessione chiusa (codice: 408), riconnessione tra 60s.
[2026-09-21T18:21:44.396Z] [WARN] Connessione chiusa (codice: 408), riconnessione tra 60s.
[2026-09-21T18:22:44.491Z] [WARN] Connessione chiusa (codice: 408), riconnessione tra 60s.
[2026-09-21T18:23:44.599Z] [WARN] Connessione chiusa (codice: 408), riconnessione tra 60s.
[2026-09-21T18:24:44.683Z] [WARN] Connessione chiusa (codice: 408), riconnessione tra 60s.
[2026-09-21T18:25:44.791Z] [WARN] Connessione chiusa (codice: 408), riconnessione tra 60s.
[2026-09-21T18:26:44.891Z] [WARN] Connessione chiusa (codice: 408), riconnessione tra 60s.
[2026-09-21T18:27:44.984Z] [WARN] Connessione chiusa (codice: 408), riconnessione tra 60s.
[2026-09-21T18:28:45.081Z] [WARN] Connessione chiusa (codice: 408), riconnessione tra 60s.
[2026-09-21T18:29:45.179Z] [WARN] Connessione chiusa (codice: 408), riconnessione tra 60s.
[2026-09-21T18:30:45.260Z] [WARN] Connessione chiusa (codice: 408), riconnessione tra 60s.
[2026-09-21T18:31:45.341Z] [WARN] Connessione chiusa (codice: 408), riconnessione tra 60s.
[2026-09-21T18:32:45.445Z] [WARN] Connessione chiusa (codice: 408), riconnessione tra 60s.
[2026-09-21T18:33:45.659Z] [WARN] Connessione chiusa (codice: 408), riconnessione tra 60s.
[2026-09-21T18:34:50.740Z] [WARN] Connessione chiusa (codice: 408), riconnessione tra 60s.
[2026-09-21T18:35:55.818Z] [WARN] Connessione chiusa (codice: 408), riconnessione tra 60s.
[2026-09-21T18:36:55.915Z] [WARN] Connessione chiusa (codice: 408), riconnessione tra 60s.
[2026-09-21T18:37:55.991Z] [WARN] Connessione chiusa (codice: 408), riconnessione tra 60s.
[2026-09-21T18:38:56.068Z] [WARN] Connessione chiusa (codice: 408), riconnessione tra 60s.
[2026-09-21T18:39:56.145Z] [WARN] Connessione chiusa (codice: 408), riconnessione tra 60s.
[2026-09-21T18:40:56.226Z] [WARN] Connessione chiusa (codice: 408), riconnessione tra 60s.
[2026-09-21T18:41:56.300Z] [WARN] Connessione chiusa (codice: 408), riconnessione tra 60s.
[2026-09-21T18:42:56.441Z] [WARN] Connessione chiusa (codice: 408), riconnessione tra 60s.
[2026-09-21T18:43:56.518Z] [WARN] Connessione chiusa (codice: 408), riconnessione tra 60s.
[2026-09-21T18:44:56.658Z] [WARN] Connessione chiusa (codice: 408), riconnessione tra 60s.
[2026-09-21T18:45:56.748Z] [WARN] Connessione chiusa (codice: 408), riconnessione tra 60s.
[2026-09-21T18:46:56.825Z] [WARN] Connessione chiusa (codice: 408), riconnessione tra 60s.
[2026-09-21T18:47:56.914Z] [WARN] Connessione chiusa (codice: 408), riconnessione tra 60s.
[2026-09-21T18:48:56.997Z] [WARN] Connessione chiusa (codice: 408), riconnessione tra 60s.
[2026-09-21T18:49:57.076Z] [WARN] Connessione chiusa (codice: 408), riconnessione tra 60s.
[2026-09-21T18:50:57.156Z] [WARN] Connessione chiusa (codice: 408), riconnessione tra 60s.
[2026-09-21T18:51:57.233Z] [WARN] Connessione chiusa (codice: 408), riconnessione tra 60s.
[2026-09-21T18:52:57.365Z] [WARN] Connessione chiusa (codice: 408), riconnessione tra 60s.
[2026-09-21T18:53:57.432Z] [WARN] Connessione chiusa (codice: 408), riconnessione tra 60s.
[2026-09-21T18:54:57.507Z] [WARN] Connessione chiusa (codice: 408), riconnessione tra 60s.
[2026-09-21T18:55:57.602Z] [WARN] Connessione chiusa (codice: 408), riconnessione tra 60s.
[2026-09-21T18:56:57.675Z] [WARN] Connessione chiusa (codice: 408), riconnessione tra 60s.
[2026-09-21T18:57:57.768Z] [WARN] Connessione chiusa (codice: 408), riconnessione tra 60s.
[2026-09-21T18:58:57.840Z] [WARN] Connessione chiusa (codice: 408), riconnessione tra 60s.
[2026-09-21T18:59:57.912Z] [WARN] Connessione chiusa (codice: 408), riconnessione tra 60s.
[2026-09-21T19:00:57.992Z] [WARN] Connessione chiusa (codice: 408), riconnessione tra 60s.
[2026-09-21T19:01:58.087Z] [WARN] Connessione chiusa (codice: 408), riconnessione tra 60s.
[2026-09-21T19:02:58.167Z] [WARN] Connessione chiusa (codice: 408), riconnessione tra 60s.
[2026-09-21T19:03:58.248Z] [WARN] Connessione chiusa (codice: 408), riconnessione tra 60s.
[2026-09-21T19:04:58.328Z] [WARN] Connessione chiusa (codice: 408), riconnessione tra 60s.
[2026-09-21T19:05:58.408Z] [WARN] Connessione chiusa (codice: 408), riconnessione tra 60s.
[2026-09-21T19:06:58.480Z] [WARN] Connessione chiusa (codice: 408), riconnessione tra 60s.
[2026-09-21T19:07:58.551Z] [WARN] Connessione chiusa (codice: 408), riconnessione tra 60s.
[2026-09-21T19:08:58.655Z] [WARN] Connessione chiusa (codice: 408), riconnessione tra 60s.
[2026-09-21T19:09:58.718Z] [WARN] Connessione chiusa (codice: 408), riconnessione tra 60s.
[2026-09-21T19:10:58.787Z] [WARN] Connessione chiusa (codice: 408), riconnessione tra 60s.
[2026-09-21T19:11:58.863Z] [WARN] Connessione chiusa (codice: 408), riconnessione tra 60s.
[2026-09-21T19:12:58.943Z] [WARN] Connessione chiusa (codice: 408), riconnessione tra 60s.
[2026-09-21T19:13:59.027Z] [WARN] Connessione chiusa (codice: 408), riconnessione tra 60s.
[2026-09-21T19:14:59.100Z] [WARN] Connessione chiusa (codice: 408), riconnessione tra 60s.
[2026-09-21T19:15:59.179Z] [WARN] Connessione chiusa (codice: 408), riconnessione tra 60s.
[2026-09-21T19:16:59.264Z] [WARN] Connessione chiusa (codice: 408), riconnessione tra 60s.
[2026-09-21T19:17:47.039Z] [INFO] Arresto richiesto (SIGINT).
[2026-09-21T19:17:51.126Z] [INFO] Caricati con successo 70 comandi plugin (0 falliti).
[2026-09-21T19:17:53.383Z] [INFO] Zeno Bot connesso a WhatsApp con successo.
[2026-09-21T20:29:05.656Z] [WARN] Connessione chiusa (codice: 428), riconnessione tra 2s.
[2026-09-21T20:29:09.604Z] [INFO] Zeno Bot connesso a WhatsApp con successo.
[2026-09-21T20:40:25.059Z] [WARN] Connessione chiusa (codice: 408), riconnessione tra 2s.
[2026-09-21T20:40:27.102Z] [WARN] Connessione chiusa (codice: 408), riconnessione tra 4s.
[2026-09-21T20:40:31.149Z] [WARN] Connessione chiusa (codice: 408), riconnessione tra 8s.
[2026-09-21T20:40:39.199Z] [WARN] Connessione chiusa (codice: 408), riconnessione tra 16s.
[2026-09-21T20:40:57.090Z] [INFO] Zeno Bot connesso a WhatsApp con successo.
[2026-09-21T20:49:41.408Z] [WARN] Connessione chiusa (codice: 428), riconnessione tra 2s.
[2026-09-21T20:49:45.507Z] [INFO] Zeno Bot connesso a WhatsApp con successo.
[2026-09-21T20:51:37.304Z] [WARN] Connessione chiusa (codice: 428), riconnessione tra 2s.
[2026-09-21T20:51:39.344Z] [WARN] Connessione chiusa (codice: 408), riconnessione tra 4s.
[2026-09-21T20:51:45.591Z] [INFO] Zeno Bot connesso a WhatsApp con successo.
[2026-09-21T21:02:34.492Z] [WARN] Connessione chiusa (codice: 428), riconnessione tra 2s.
[2026-09-21T21:02:36.539Z] [WARN] Connessione chiusa (codice: 408), riconnessione tra 4s.
[2026-09-21T21:02:42.626Z] [INFO] Zeno Bot connesso a WhatsApp con successo.
[2026-09-21T21:26:57.124Z] [WARN] Connessione chiusa (codice: 428), riconnessione tra 2s.
[2026-09-21T21:26:59.139Z] [WARN] Connessione chiusa (codice: 408), riconnessione tra 4s.
[2026-09-21T21:27:04.556Z] [INFO] Zeno Bot connesso a WhatsApp con successo.
[2026-09-21T21:27:11.942Z] [WARN] Connessione chiusa (codice: 428), riconnessione tra 2s.
[2026-09-21T21:27:15.887Z] [INFO] Zeno Bot connesso a WhatsApp con successo.
[2026-09-21T21:47:00.420Z] [WARN] Connessione chiusa (codice: 503), riconnessione tra 2s.
[2026-09-21T21:47:04.010Z] [INFO] Zeno Bot connesso a WhatsApp con successo.
[2026-09-21T22:35:22.665Z] [WARN] Connessione chiusa (codice: 408), riconnessione tra 2s.
[2026-09-21T22:35:26.410Z] [INFO] Zeno Bot connesso a WhatsApp con successo.
[2026-09-22T01:03:39.912Z] [WARN] Connessione chiusa (codice: 428), riconnessione tra 2s.
[2026-09-22T01:03:43.944Z] [INFO] Zeno Bot connesso a WhatsApp con successo.
[2026-09-22T05:01:39.182Z] [WARN] Connessione chiusa (codice: 408), riconnessione tra 2s.
[2026-09-22T05:01:51.211Z] [WARN] Connessione chiusa (codice: 408), riconnessione tra 4s.
[2026-09-22T05:13:33.568Z] [INFO] Zeno Bot connesso a WhatsApp con successo.
[2026-09-22T05:25:44.410Z] [WARN] Connessione chiusa (codice: 428), riconnessione tra 2s.
[2026-09-22T05:25:46.448Z] [WARN] Connessione chiusa (codice: 408), riconnessione tra 4s.
[2026-09-22T05:25:52.662Z] [INFO] Zeno Bot connesso a WhatsApp con successo.
[2026-09-22T06:18:41.863Z] [WARN] Connessione chiusa (codice: 428), riconnessione tra 2s.
[2026-09-22T06:18:50.733Z] [INFO] Zeno Bot connesso a WhatsApp con successo.
[2026-09-22T07:02:56.664Z] [WARN] Connessione chiusa (codice: 428), riconnessione tra 2s.
[2026-09-22T07:02:58.702Z] [WARN] Connessione chiusa (codice: 408), riconnessione tra 4s.
[2026-09-22T07:03:22.734Z] [WARN] Connessione chiusa (codice: 408), riconnessione tra 8s.
[2026-09-22T07:03:50.765Z] [WARN] Connessione chiusa (codice: 408), riconnessione tra 16s.
[2026-09-22T07:04:26.819Z] [WARN] Connessione chiusa (codice: 408), riconnessione tra 32s.
[2026-09-22T07:05:08.897Z] [INFO] Zeno Bot connesso a WhatsApp con successo.
[2026-09-22T07:05:18.578Z] [WARN] Connessione chiusa (codice: 428), riconnessione tra 2s.
[2026-09-22T07:05:20.613Z] [WARN] Connessione chiusa (codice: 408), riconnessione tra 4s.
[2026-09-22T07:05:34.654Z] [WARN] Connessione chiusa (codice: 408), riconnessione tra 8s.
[2026-09-22T07:05:49.296Z] [INFO] Zeno Bot connesso a WhatsApp con successo.
[2026-09-22T07:10:35.031Z] [WARN] Connessione chiusa (codice: 428), riconnessione tra 2s.
[2026-09-22T07:10:38.935Z] [INFO] Zeno Bot connesso a WhatsApp con successo.
[2026-09-22T07:12:55.948Z] [WARN] Connessione chiusa (codice: 408), riconnessione tra 2s.
[2026-09-22T07:13:26.956Z] [INFO] Zeno Bot connesso a WhatsApp con successo.
[2026-09-22T07:17:14.064Z] [WARN] Connessione chiusa (codice: 428), riconnessione tra 2s.
[2026-09-22T07:17:21.101Z] [WARN] Connessione chiusa (codice: 408), riconnessione tra 4s.
[2026-09-22T07:17:27.224Z] [INFO] Zeno Bot connesso a WhatsApp con successo.
[2026-09-22T07:27:11.853Z] [WARN] Connessione chiusa (codice: 408), riconnessione tra 2s.
[2026-09-22T07:27:13.894Z] [WARN] Connessione chiusa (codice: 408), riconnessione tra 4s.
[2026-09-22T07:27:27.941Z] [WARN] Connessione chiusa (codice: 408), riconnessione tra 8s.
[2026-09-22T07:27:45.987Z] [WARN] Connessione chiusa (codice: 408), riconnessione tra 16s.
[2026-09-22T07:28:04.350Z] [INFO] Zeno Bot connesso a WhatsApp con successo.
[2026-09-22T07:28:18.254Z] [WARN] Connessione chiusa (codice: 428), riconnessione tra 2s.
[2026-09-22T07:28:20.294Z] [WARN] Connessione chiusa (codice: 408), riconnessione tra 4s.
[2026-09-22T07:28:31.995Z] [INFO] Zeno Bot connesso a WhatsApp con successo.
[2026-09-22T07:35:30.654Z] [WARN] Connessione chiusa (codice: 408), riconnessione tra 2s.
[2026-09-22T07:36:09.522Z] [INFO] Zeno Bot connesso a WhatsApp con successo.
[2026-09-22T07:36:28.690Z] [WARN] Connessione chiusa (codice: 428), riconnessione tra 2s.
[2026-09-22T07:36:30.705Z] [WARN] Connessione chiusa (codice: 408), riconnessione tra 4s.
[2026-09-22T07:36:37.582Z] [INFO] Zeno Bot connesso a WhatsApp con successo.
[2026-09-22T07:46:09.743Z] [WARN] Connessione chiusa (codice: 428), riconnessione tra 2s.
[2026-09-22T07:46:19.120Z] [INFO] Zeno Bot connesso a WhatsApp con successo.
[2026-09-22T07:47:24.209Z] [WARN] Connessione chiusa (codice: 408), riconnessione tra 2s.
[2026-09-22T07:47:26.249Z] [WARN] Connessione chiusa (codice: 408), riconnessione tra 4s.
[2026-09-22T07:47:33.023Z] [INFO] Zeno Bot connesso a WhatsApp con successo.
[2026-09-22T07:59:58.355Z] [WARN] Connessione chiusa (codice: 428), riconnessione tra 2s.
[2026-09-22T08:00:00.370Z] [WARN] Connessione chiusa (codice: 408), riconnessione tra 4s.
[2026-09-22T08:00:06.998Z] [INFO] Zeno Bot connesso a WhatsApp con successo.
[2026-09-22T08:05:35.621Z] [WARN] Connessione chiusa (codice: 408), riconnessione tra 2s.
[2026-09-22T08:06:19.858Z] [WARN] Connessione chiusa (codice: 408), riconnessione tra 4s.
[2026-09-22T08:07:19.921Z] [WARN] Connessione chiusa (codice: 408), riconnessione tra 8s.
[2026-09-22T08:07:37.974Z] [WARN] Connessione chiusa (codice: 408), riconnessione tra 16s.
[2026-09-22T08:08:14.723Z] [WARN] Connessione chiusa (codice: 408), riconnessione tra 32s.
[2026-09-22T08:08:56.774Z] [WARN] Connessione chiusa (codice: 408), riconnessione tra 60s.
[2026-09-22T08:09:59.179Z] [INFO] Zeno Bot connesso a WhatsApp con successo.
[2026-09-22T08:10:56.297Z] [WARN] Connessione chiusa (codice: 428), riconnessione tra 2s.
[2026-09-22T08:11:00.262Z] [INFO] Zeno Bot connesso a WhatsApp con successo.
[2026-09-22T10:48:17.903Z] [WARN] Connessione chiusa (codice: 408), riconnessione tra 2s.
[2026-09-22T10:48:19.945Z] [WARN] Connessione chiusa (codice: 408), riconnessione tra 4s.
[2026-09-22T10:48:33.996Z] [WARN] Connessione chiusa (codice: 408), riconnessione tra 8s.
[2026-09-22T10:48:52.041Z] [WARN] Connessione chiusa (codice: 408), riconnessione tra 16s.
[2026-09-22T10:49:08.082Z] [WARN] Connessione chiusa (codice: 408), riconnessione tra 32s.
[2026-09-22T10:49:50.130Z] [WARN] Connessione chiusa (codice: 408), riconnessione tra 60s.
[2026-09-22T10:51:10.168Z] [WARN] Connessione chiusa (codice: 408), riconnessione tra 60s.
[2026-09-22T10:52:15.664Z] [INFO] Zeno Bot connesso a WhatsApp con successo.
[2026-09-22T11:43:14.066Z] [WARN] Connessione chiusa (codice: 428), riconnessione tra 2s.
[2026-09-22T11:44:22.318Z] [WARN] Connessione chiusa (codice: 408), riconnessione tra 4s.
[2026-09-22T11:44:50.553Z] [INFO] Zeno Bot connesso a WhatsApp con successo.
[2026-09-22T11:47:47.312Z] [WARN] Connessione chiusa (codice: 408), riconnessione tra 2s.
[2026-09-22T11:47:59.358Z] [WARN] Connessione chiusa (codice: 408), riconnessione tra 4s.
[2026-09-22T11:48:13.401Z] [WARN] Connessione chiusa (codice: 408), riconnessione tra 8s.
[2026-09-22T11:48:31.447Z] [WARN] Connessione chiusa (codice: 408), riconnessione tra 16s.
[2026-09-22T11:48:52.494Z] [WARN] Connessione chiusa (codice: 408), riconnessione tra 32s.
[2026-09-22T11:49:29.236Z] [INFO] Zeno Bot connesso a WhatsApp con successo.
[2026-09-22T13:54:27.595Z] [INFO] Arresto richiesto (SIGINT).
